,Title,cates,commentCount,description,dislikeCount,favoriteCount,likeCount,viewCount
0,Sanctuary [Official],"['Entertainment', 'Television_program']",10119,"""Sanctuary""  ‡πÄ‡∏£‡∏∑‡πà‡∏≠‡∏á‡∏£‡∏≤‡∏ß‡πÉ‡∏ô‡∏ä‡πà‡∏ß‡∏á‡πÄ‡∏ß‡∏•‡∏≤‡∏´‡∏ô‡∏∂‡πà‡∏á‡∏Ç‡∏≠‡∏á ‡πÅ‡∏ö‡∏°‡πÅ‡∏ö‡∏° ‡πÄ‡∏°‡∏∑‡πà‡∏≠‡πÄ‡∏Ç‡∏≤‡∏ñ‡∏π‡∏Å‡∏™‡πà‡∏á‡πÑ‡∏õ‡πÄ‡∏£‡∏µ‡∏¢‡∏ô‡∏ó‡∏µ‡πà‡πÄ‡∏Å‡∏≤‡∏´‡∏•‡∏µ ‡∏™‡∏¥‡πà‡∏á‡πÅ‡∏ß‡∏î‡∏•‡πâ‡∏≠‡∏°‡πÉ‡∏´‡∏°‡πà ‡πÅ‡∏Å‡πä‡∏á‡πÄ‡∏î‡πá‡∏Å‡πÄ‡∏Å‡πÄ‡∏£ ‡∏°‡∏¥‡∏ï‡∏£‡∏†‡∏≤‡∏û‡∏à‡∏≤‡∏Å‡∏Ñ‡∏ô‡πÑ‡∏°‡πà‡∏£‡∏π‡πâ‡∏à‡∏±‡∏Å ‡∏ó‡∏≥‡πÉ‡∏´‡πâ‡πÄ‡∏Ñ‡πâ‡∏≤‡πÄ‡∏£‡∏µ‡∏¢‡∏ô‡∏£‡∏π‡πâ‡∏ó‡∏µ‡πà‡∏à‡∏∞‡πÄ‡∏ï‡∏¥‡∏ö‡πÇ‡∏ï",975,0,109467,4213105
1,‡πÄ‡∏°‡∏∑‡πà‡∏≠ 7 ‡∏´‡∏ô‡∏∏‡πà‡∏° GOT7 ‡∏û‡∏π‡∏î‡∏†‡∏≤‡∏©‡∏≤‡πÑ‡∏ó‡∏¢‡πÅ‡∏ö‡∏ö 4 ‡∏†‡∏≤‡∏Ñ ‡∏à‡∏∞‡∏ü‡∏±‡∏á‡∏£‡∏π‡πâ‡πÄ‡∏£‡∏∑‡πà‡∏≠‡∏á‡∏°‡∏±‡πâ‡∏¢‡πÑ‡∏õ‡∏î‡∏π‡∏Å‡∏±‡∏ô,"['Pop_music', 'Music']",1775,"‡πÄ‡∏°‡∏∑‡πà‡∏≠ 7 ‡∏´‡∏ô‡∏∏‡πà‡∏° GOT7 ‡∏û‡∏π‡∏î‡∏†‡∏≤‡∏©‡∏≤‡πÑ‡∏ó‡∏¢‡πÅ‡∏ö‡∏ö 4 ‡∏†‡∏≤‡∏Ñ (‡πÄ‡∏´‡∏ô‡∏∑‡∏≠,‡∏≠‡∏µ‡∏™‡∏≤‡∏ô, ‡πÉ‡∏ï‡πâ ‡πÅ‡∏•‡∏∞ ‡∏Å‡∏•‡∏≤‡∏á) ‡∏à‡∏∞‡∏ü‡∏±‡∏á‡∏£‡∏π‡πâ‡πÄ‡∏£‡∏∑‡πà‡∏≠‡∏á‡∏°‡∏±‡πâ‡∏¢‡πÑ‡∏õ‡∏î‡∏π‡∏Å‡∏±‡∏ô
*** DO NOT Reupload ***

Facebook : https://www.facebook.com/TemTemTown
Website : http://temtem.bugaboo.tv",643,0,36304,3147461
2,150711 The Fanclub Fan Meeting with GOT7,"['Television_program', 'Performing_arts', 'Entertainment']",965,"150711 The Fanclub Fan Meeting with GOT7
     *** DO NOT Reupload ***

Facebook : https://www.facebook.com/TemTemTown
Website : http://temtem.bugaboo.tv",205,0,16772,1146023
3,"GOT7 MAGNAE VS HYUNG ""Who will win?""","['Entertainment', 'Television_program']",660,"*do not re-upload*
*please take out full credit if you want to cut it and post it somewhere else*",117,0,20504,848677
4,[Sub Espa√±ol] GOT7 intentando hacer re√≠r a Jackson,['Entertainment'],351,"Suscr√≠banse para m√°s videos de GOT7  üê¶

*Compartan el video con cr√©ditos  y por favor no lo resuban* 

..........................................................
Mi twitter: https://twitter.com/SoniaMWarrior
Mi otro canal: https://goo.gl/T1XtgY
Dailymotion: https://goo.gl/xv6pNo
..........................................................

[Sub Espa√±ol] GOT7 intentando hacer re√≠r a Jackson
GOT7 programas en espa√±ol

No copyright infringement intended! All rights reserved to the original owner",162,0,35066,801691
5,‡πÄ‡∏°‡∏∑‡πà‡∏≠ GOT7 ‡∏ï‡πâ‡∏≠‡∏á‡πÇ‡∏ä‡∏ß‡πå Step Dance ‡πÉ‡∏ô‡πÅ‡∏ö‡∏ö‡∏Ç‡∏≠‡∏á‡∏ï‡∏±‡∏ß‡πÄ‡∏≠‡∏á ‡∏à‡∏∞‡πÄ‡∏õ‡πá‡∏ô‡∏¢‡∏±‡∏á‡πÑ‡∏á‡πÑ‡∏õ‡∏î‡∏π‡∏Å‡∏±‡∏ô,['Music'],504,"‡πÄ‡∏°‡∏∑‡πà‡∏≠ GOT7 ‡∏ï‡πâ‡∏≠‡∏á‡πÇ‡∏ä‡∏ß‡πå Step Dance ‡πÉ‡∏ô‡πÅ‡∏ö‡∏ö‡∏Ç‡∏≠‡∏á‡∏ï‡∏±‡∏ß‡πÄ‡∏≠‡∏á ‡∏à‡∏∞‡πÄ‡∏õ‡πá‡∏ô‡∏¢‡∏±‡∏á‡πÑ‡∏á‡πÑ‡∏õ‡∏î‡∏π‡∏Å‡∏±‡∏ô
*** DO NOT Reupload ***

Facebook : https://www.facebook.com/TemTemTown
Website : http://temtem.bugaboo.tv",93,0,10807,628628
6,180223 GOT7 at EST ‡∏ã‡πà‡∏≤‡∏ã‡∏µ‡πâ‡∏î‡πÄ‡∏•‡∏∑‡∏≠‡∏Å‡πÑ‡∏î‡πâ 'Play Game',"['Performing_arts', 'Entertainment', 'Television_program']",889,"180223 GOT7 at EST ‡∏ã‡πà‡∏≤‡∏ã‡∏µ‡πâ‡∏î‡πÄ‡∏•‡∏∑‡∏≠‡∏Å‡πÑ‡∏î‡πâ 'Play Game'
*** DO NOT Reupload ***

Facebook : https://www.facebook.com/TemTemTown
Website : http://temtem.bugaboo.tv",192,0,9317,573072
7,"üò±""GOT7‡πÅ‡∏£‡∏á‡πÑ‡∏õ‡∏ô‡∏∞""‡∏•‡πâ‡∏≠‡πÄ‡∏•‡∏µ‡∏¢‡∏ôBLACKPINK.!?","['Music', 'Pop_music']",800,"üòçüí•GOT7‡∏à‡∏£‡∏¥‡∏á‡πÜ‡πÅ‡∏•‡πâ‡∏ß‡πÅ‡∏ö‡∏°‡πÜ‡πÄ‡∏õ‡πá‡∏ô""‡πÄ‡∏î‡πá‡∏Å‡∏Å‡∏ß‡∏ô....„Öã„Öãüòù""
 üå∫Î±ÄÎ±Ä‡πÅ‡∏ö‡∏°‡πÜ‡∏•‡πâ‡∏≠‡πÄ‡∏•‡∏µ‡∏¢‡∏ô‡∏ó‡πà‡∏≤‡πÄ‡∏ï‡πâ‡∏ô‡∏•‡∏•‡∏¥‡∏©‡∏≤‡πÄ‡∏û‡∏∑‡πà‡∏≠‡∏ô‡πÄ‡∏•‡∏¥‡∏üüòÇüíó
‡πÅ‡∏ö‡∏°‡πÜ‡πÅ‡∏£‡∏á‡πÑ‡∏õ‡πÑ‡∏´‡∏°‡∏•‡∏π‡πà‡∏Å..!!‡∏Ñ‡∏≠‡∏ô‡∏µ‡πà‡πÅ‡∏ó‡∏ö‡∏à‡∏∞‡∏´‡∏±‡∏Å555+üòÅüòÜ",1165,0,5835,505961
8,150313 GOT7 1st Fan Party in Bangkok Press Conference,"['Music_of_Asia', 'Television_program', 'Music']",145,"150313 GOT7 1st Fan Party in Bangkok Press Conference
*** DO NOT Reupload ***

Facebook : https://www.facebook.com/TemTemTown
Website : http://temtem.bugaboo.tv",71,0,5989,457064
9,GOT7 1st Fan Party in Bangkok,"['Music', 'Music_of_Asia']",126,"GOT7 1st Fan Party in Bangkok 14-15/03/15
 *** DO NOT Reupload ***

Facebook : https://www.facebook.com/TemTemTown
Website : http://temtem.bugaboo.tv",32,0,5590,369124
10,‡∏Ñ‡∏£‡∏±‡∏ß‡∏≠‡∏¥‡∏ô‡∏î‡∏µ‡πâ_4/10/58 ‡πÅ‡∏ö‡∏°‡πÅ‡∏ö‡∏°GOT7,"['Lifestyle_(sociology)', 'Food']",144,"‡∏£‡∏≤‡∏¢‡∏Å‡∏≤‡∏£‡∏Ñ‡∏£‡∏±‡∏ß‡∏≠‡∏¥‡∏ô‡∏î‡∏µ‡πâ
‡∏≠‡∏≠‡∏Å‡∏≠‡∏≤‡∏Å‡∏≤‡∏®‡∏ó‡∏∏‡∏Å‡∏ß‡∏±‡∏ô‡∏≠‡∏≤‡∏ó‡∏¥‡∏ï‡∏¢‡πå 12:00 - 12:35 ‡∏ô. ‡∏ó‡∏≤‡∏á‡∏ä‡πà‡∏≠‡∏á 5
----------------------------------------¬≠---------------
‡∏ú‡∏•‡∏¥‡∏ï‡∏£‡∏≤‡∏¢‡∏Å‡∏≤‡∏£‡πÇ‡∏î‡∏¢ ‡∏ö‡∏£‡∏¥‡∏©‡∏±‡∏ó ‡πÇ‡∏ã‡∏•‡∏¥‡∏î‡πÄ‡∏≠‡πá‡∏ô‡πÄ‡∏ï‡∏≠‡∏£‡πå‡πÄ‡∏ó‡∏ô‡πÄ‡∏°‡∏ô‡∏ó‡πå
‡∏ï‡∏¥‡∏î‡∏ï‡πà‡∏≠‡πÄ‡∏£‡∏≤‡∏ó‡∏µ‡πà
http://www.solidentertainment.co.th/index.php
23 ‡∏ã.‡πÄ‡∏≠‡∏Å‡∏°‡∏±‡∏¢2 ‡∏ñ.‡∏™‡∏∏‡∏Ç‡∏∏‡∏°‡∏ß‡∏¥‡∏ó 63 ‡πÅ‡∏Ç‡∏ß‡∏á‡∏û‡∏£‡∏∞‡πÇ‡∏Ç‡∏ô‡∏á‡πÄ‡∏´‡∏ô‡∏∑‡∏≠ ‡πÄ‡∏Ç‡∏ï‡∏ß‡∏±‡∏í‡∏ô‡∏≤ ‡∏Å‡∏£‡∏∏‡∏á‡πÄ‡∏ó‡∏û‡∏Ø 10110
‡πÄ‡∏ö‡∏≠‡∏£‡πå‡πÇ‡∏ó‡∏£ (+66)2-714-3505-6
‡πÅ‡∏ü‡∏Å‡∏ã‡πå (+66)2-391-2353
‡∏≠‡∏µ‡πÄ‡∏°‡∏•‡πå info@solidentertainment.co.th",58,0,3778,352047
11,170204 4th ANNIVERSARY It's Skin Thialand with GOT7 (TALK),['Music'],401,"170204 4th ANNIVERSARY It's Skin Thialand with GOT7 (TALK)
*** DO NOT Reupload ***

Facebook : https://www.facebook.com/TemTemTown
Website : http://temtem.bugaboo.tv",49,0,6068,321851
12,GOT7 (Í∞ìÏÑ∏Î∏ê) ‚ú®Miracle‚ú® COVER by ÏÜåÎØºSomin,"['Music_of_Asia', 'Music']",1537,"ÎÇ† Î∞îÎùºÎ≥¥Îäî ÎãàÍ∞Ä ÏûàÍ∏∞Ïóê...üíì
Because i have you who is looking at me...üíì

Instagram -https://www.instagram.com/listen_somin/

Contact - soil34623462@gmail.com


ÏïûÏúºÎ°ú Îçî ÎßéÏùÄ Ïª§Î≤ÑÍ≥°Îì§ÏùÑ ÏóÖÎ°úÎìúÌï† ÏòàÏ†ïÏûÖÎãàÎã§.
ÏïûÏúºÎ°úÏùò Îçî ÎßéÏùÄ Ïª§Î≤ÑÎì§ÏùÑ ÎßåÎÇòÎ≥¥Í≥† Ïã∂ÏúºÏãúÎã§Î©¥! Íµ¨ÎèÖÍ≥º Ï¢ãÏïÑÏöî ÎàåÎü¨Ï£ºÏãúÍ≥† Ï±ÑÎÑê ÏûêÏ£º ÎÜÄÎü¨ÏôÄÏ£ºÏÑ∏Ïöî.‚ô•
ÎåìÍ∏ÄÏùÄ ÎßéÏùÄ ÌûòÏù¥Îê©ÎãàÎã§!
Ïò§ÎäòÎèÑ Î≥¥Îü¨ÏôÄÏ£ºÏÖîÏÑú Í∞êÏÇ¨ÎìúÎ¶ΩÎãàÎã§. 

i will upload more  cover songs soon!
If you want to see more, please subscribe and like!‚ô• 
don't forget to comment :-)
Thank you for watching! 



Inst url - Lunar Piano Îãò
https://www.youtube.com/watch?v=G2ZSQBTRB7E

original soundtrack url - https://www.youtube.com/watch?v=RtRtLf84I2M

english Lyrics url- https://lyricskpop.net/lyrics/got7-miracle-english-translation/

stickers url-https://giphy.com/search/flower",132,0,22920,298023
13,"‡∏ß‡∏¥‡∏ô‡∏≤‡∏ó‡∏µ‡∏™‡∏∏‡∏î‡∏£‡∏∞‡∏ó‡∏∂‡∏Å""‡∏¢‡∏π‡∏Ñ‡∏¢‡∏≠‡∏°GOT7‡πÄ‡∏õ‡πá‡∏ô‡∏•‡∏°""‡∏•‡πâ‡∏°‡∏•‡∏á‡∏Å‡∏±‡∏ö‡∏û‡∏∑‡πâ‡∏ô‡∏ï‡∏≠‡∏ô‡∏à‡∏ö‡πÄ‡∏û‡∏•‡∏áüò±üò®",['Music'],425,,85,0,5277,260920
14,Sh*ts GOT7 - Mark Tuan said and done [Funny Moment] part.2,"['Entertainment', 'Performing_arts']",166,"*do not re-upload*
*please take out full credit if you want to cut it and post it somewhere else*",22,0,5133,223843
15,‡∏à‡∏≠‡∏á‡∏ö‡∏±‡∏ï‡∏£‡∏Ñ‡∏≠‡∏ô‡πÄ‡∏™‡∏¥‡∏£‡πå‡∏ï GOT7 #‡∏ï‡∏≤‡∏°‡∏ï‡∏¥‡∏î‡∏ä‡∏µ‡∏ß‡∏¥‡∏ï‡∏ï‡∏¥‡πà‡∏á ep.2 / ùêäùêÄùêëùêçùêåùêÄùêò,['Entertainment'],356,"‡πÑ‡∏´‡∏ô‡∏≠‡∏≤‡∏Å‡∏≤‡πÄ‡∏ã‡πà‡∏Ñ‡∏ô‡πÑ‡∏´‡∏ô‡∏Å‡∏î‡∏ö‡∏±‡∏ï‡∏£‡∏ó‡∏±‡∏ô ‡∏£‡∏≤‡∏¢‡∏á‡∏≤‡∏ô‡∏ï‡∏±‡∏ß‡∏´‡∏ô‡πà‡∏≠‡∏¢‡∏¢‡∏¢!!! ‡∏≠‡∏¢‡∏≤‡∏Å‡πÄ‡∏´‡πá‡∏ô‡∏Ñ‡∏ô‡∏°‡∏µ‡πÅ‡∏ï‡πâ‡∏°‡∏ö‡∏∏‡∏ç‡∏™‡∏π‡∏á 55555
.
-
facebook: https://www.facebook.com/karnmayouting
-
Instagram:
‡∏Å‡πâ‡∏≤‡∏ô - https://www.instagram.com/karn.korn
‡πÄ‡∏°‡∏¢‡πå - https://www.instagram.com/smoysmay
-
Contact for work 
Tel : 085-2414281
Line : ikornnn
mail : karnmayofficial@gmail.com

#‡∏ï‡∏≤‡∏°‡∏ï‡∏¥‡∏î‡∏ä‡∏µ‡∏ß‡∏¥‡∏ï‡∏ï‡∏¥‡πà‡∏á #‡∏à‡∏≠‡∏á‡∏ö‡∏±‡∏ï‡∏£‡∏Ñ‡∏≠‡∏ô‡πÄ‡∏™‡∏¥‡∏£‡πå‡∏ï #GOT7",69,0,4548,223145
16,"170601 GOT7 Thailand Tour 2017 ""NESTIVAL"" Press Conference",['Music'],166,"170601 GOT7 Thailand Tour 2017 ""NESTIVAL"" Press Conference
*** DO NOT Reupload ***

Facebook : https://www.facebook.com/TemTemTown
Website : http://temtem.bugaboo.tv",21,0,3993,220802
17,160722 est ‡πÄ‡∏õ‡∏¥‡∏î‡∏ï‡∏±‡∏ß‡πÅ‡∏ö‡∏£‡∏ô‡∏î‡πå‡πÅ‡∏≠‡∏°‡∏ö‡∏≤‡∏™‡πÄ‡∏î‡∏≠‡∏£‡πå ‡∏ã‡πà‡∏≤‡∏ã‡∏µ‡πâ‡∏î‡∏™‡∏∏‡∏î‡∏Ç‡∏±‡πâ‡∏ß‡∏Å‡∏±‡∏ö GOT7 2/2,['Music'],358,"160722 est ‡πÄ‡∏õ‡∏¥‡∏î‡∏ï‡∏±‡∏ß‡πÅ‡∏ö‡∏£‡∏ô‡∏î‡πå‡πÅ‡∏≠‡∏°‡∏ö‡∏≤‡∏™‡πÄ‡∏î‡∏≠‡∏£‡πå ‡∏ã‡πà‡∏≤‡∏ã‡∏µ‡πâ‡∏î‡∏™‡∏∏‡∏î‡∏Ç‡∏±‡πâ‡∏ß‡∏Å‡∏±‡∏ö GOT7 2/2
*** DO NOT Reupload ***

Facebook : https://www.facebook.com/TemTemTown
Website : http://temtem.bugaboo.tv",49,0,3443,217592
18,170228 GOT7 with EST ‡∏ã‡πà‡∏≤‡∏ã‡∏µ‡πâ‡∏î‡πÄ‡∏•‡∏∑‡∏≠‡∏Å‡πÑ‡∏î‡πâ‡∏ó‡∏±‡πâ‡∏á‡∏ü‡∏¥‡∏ô‡∏ó‡∏±‡πâ‡∏á‡∏ã‡∏¥‡πà‡∏á (TALK),['Music'],132,"170228 GOT7 with EST ‡∏ã‡πà‡∏≤‡∏ã‡∏µ‡πâ‡∏î‡πÄ‡∏•‡∏∑‡∏≠‡∏Å‡πÑ‡∏î‡πâ‡∏ó‡∏±‡πâ‡∏á‡∏ü‡∏¥‡∏ô‡∏ó‡∏±‡πâ‡∏á‡∏ã‡∏¥‡πà‡∏á (TALK)
*** DO NOT Reupload ***

Facebook : https://www.facebook.com/TemTemTown
Website : http://temtem.bugaboo.tv",40,0,3012,199528
19,170204 4th ANNIVERSARY It's Skin Thialand with GOT7 (PLAY GAME),['Music'],218,"170204 4th ANNIVERSARY It's Skin Thialand with GOT7 (PLAY GAME)
*** DO NOT Reupload ***

Facebook : https://www.facebook.com/TemTemTown
Website : http://temtem.bugaboo.tv",30,0,3009,193054
20,8 Times Female Idols Were Caught Ogling GOT7 Members,"['Music', 'Music_of_Asia']",181,"Check out 8 Times Female Idols Were Caught Ogling GOT7 Members.
Subscribe to our channel ‚ñ∫ https://goo.gl/Ul8a31
---------------‚òÖ‚òÖ‚òÖ‚òÖ‚òÖ----------------
Maybe you like:

9 Simple Ways To Dress Like BTS Without Going Broke 
https://youtu.be/ebw_AYB-rtk

This $3000 Dress Reveals BLACKPINK Jennie‚Äôs Perfect Body Line 
https://youtu.be/yuIs_PiUIqU

BLACKPINK Jennie Wore A Sailor Moon Outfit And Fans Lost Their Minds 
https://youtu.be/rLNvzX9IoJ4

BG-Dragon Gave IU A Priceless Gift That Literally Left Her Speechless 
https://youtu.be/Kh1R64go-Oo

The Dating History Of Each Member Of Red Velvet 
https://youtu.be/FwUigxwRbrk

[Source]: 
https://www.koreaboo.com/lists/8-times-female-idols-caught-ogling-got7-members/
---------------‚òÖ‚òÖ‚òÖ‚òÖ‚òÖ----------------
Our Social Media:
‚ô• Facebook: https://www.facebook.com/asiatoplist
‚ô• GooglePlus: https://goo.gl/OzX7Eo
‚ô• Pinterest: https://www.pinterest.com/asiatoplist
‚ô• Twitter: https://twitter.com/asiatoplist
---------------‚òÖ‚òÖ‚òÖ‚òÖ‚òÖ----------------

Asia Top List ‚ñ∫ https://goo.gl/Ul8a31",71,0,2706,175470
21,GOT7 Exclusive Interview at ‡πÄ‡∏≠‡∏™‡∏ü‡∏¥‡∏ô‡∏ï‡∏¥‡∏î‡πÄ‡∏Å‡∏≤‡∏∞‡∏Å‡∏±‡∏ö GOT7,['Music'],101,"GOT7 Exclusive Interview at ‡πÄ‡∏≠‡∏™‡∏ü‡∏¥‡∏ô‡∏ï‡∏¥‡∏î‡πÄ‡∏Å‡∏≤‡∏∞‡∏Å‡∏±‡∏ö GOT7
*** DO NOT Reupload ***

Facebook : https://www.facebook.com/TemTemTown
Website : http://temtem.bugaboo.tv",23,0,3057,165783
22,Got7 Imagines || Mark as your Boyfriend,"['Food', 'Lifestyle_(sociology)']",258,"~ Open Description Box for Information~
________________________________________________________________
Mark Tuan is 1/7 of the K-Pop Group Got7
________________________________________________________________
Next Video:  https://www.youtube.com/watch?v=M1RzCyUyVRU
Previous Video: https://www.youtube.com/watch?v=odlQlJKbHjQ
________________________________________________________________
My Social Media: 
Twitter: Hollywood_tried
Instagram: Hollywood_tried
Tumblr: Neo-yeppeuda-taehyung
_______________________________________________________________
If you enjoyed make sure to leave a like and subscribe! xx
_______________________________________________________________
Any data on this video belongs to its respective owners unless otherwise stated. If you see your data here that you want me to remove, please send me a message. Thank you!
_______________________________________________________________
 ÏòÅÎØ∏] [Youngmi]~",16,0,3517,164913
23,Sh*ts GOT7 Mark Tuan says,"['Music', 'Music_of_Asia']",106,"Inspired by Sh*ts Jackson Says xD
---
Sorry because the video seems pretty short :-s
---
SHOWS LIST:
0:09 GOT7 'A' Story 2. Mark
0:13 GOT2DAY #07 Mark & Junior
0:30 After School Club - GOT7 Fanchant Cut
0:42 REAL GOT7 SS3 Just Right Summer Vacation
0:46 REAL GOT7 SS3 Horror, Just Right
0:53 REAL GOT7 SS2 Manitto Awards
01:01 REAL GOT7 SS1 Teamwork Game
01:05 After School Club - GOT7 Whip Dance",23,0,3779,153766
24,160722 est ‡πÄ‡∏õ‡∏¥‡∏î‡∏ï‡∏±‡∏ß‡πÅ‡∏ö‡∏£‡∏ô‡∏î‡πå‡πÅ‡∏≠‡∏°‡∏ö‡∏≤‡∏™‡πÄ‡∏î‡∏≠‡∏£‡πå ‡∏ã‡πà‡∏≤‡∏ã‡∏µ‡πâ‡∏î‡∏™‡∏∏‡∏î‡∏Ç‡∏±‡πâ‡∏ß‡∏Å‡∏±‡∏ö GOT7 1/2,"['Pop_music', 'Music', 'Music_of_Asia']",261,"160722 est ‡πÄ‡∏õ‡∏¥‡∏î‡∏ï‡∏±‡∏ß‡πÅ‡∏ö‡∏£‡∏ô‡∏î‡πå‡πÅ‡∏≠‡∏°‡∏ö‡∏≤‡∏™‡πÄ‡∏î‡∏≠‡∏£‡πå ‡∏ã‡πà‡∏≤‡∏ã‡∏µ‡πâ‡∏î‡∏™‡∏∏‡∏î‡∏Ç‡∏±‡πâ‡∏ß‡∏Å‡∏±‡∏ö GOT7 1/2
*** DO NOT Reupload ***

Facebook : https://www.facebook.com/TemTemTown
Website : http://temtem.bugaboo.tv",22,0,3157,153320
25,JB Being Adorkable,"['Music_of_Asia', 'Music']",129,"JB Being Adorkable
Im Jaebum is a high quality man, but let's not forget that JB being extra is normal. He's a dork and I love him for it.
----------
GOT7 Fly in Seoul Final Bluray Group Order: https://goo.gl/forms/0FX7tzvyBYXitcJm1
----------
Signed Pentagon Ceremony Group Order: https://goo.gl/forms/WEX157y1QCtArWRi1
----------
BTS Memories of 2016 US Group Order: https://goo.gl/forms/k95wAZK9CLq6UdUy1
----------
To check what albums I have for sale and the status of group orders please look here: https://t.co/3FSyb3Skmu
or join my facebook group: https://www.facebook.com/groups/157762171294546/
----------
Don't forget to check out my  GOT7 Vines.
GOT7 Vines - Jaebum #2: https://youtu.be/kaGEqblLyG4
GOT7 Vines - Mark #2: https://youtu.be/miYLoh5lXGw
GOT7 Vines - Jackson #2: https://youtu.be/trj5Pzw4Puw
GOT7 Vines - Jinyoung #2: https://youtu.be/vneg-PtsS6Y
GOT7 Vines - Youngjae #2: https://youtu.be/dF61eUgJKkE
GOT7 Vines - BamBam #2: https://youtu.be/uOngBfejywQ
GOT7 Vines - Yugyeom #2: https://youtu.be/38JnCQFr5Vk
GOT7 Vines #2: https://youtu.be/w4UOIag2D1c
GOT7 Vines #3: https://youtu.be/QkyycwVlp4U
----------

If there are any videos you would like me to react to make sure to let me know below in the comments. Please make sure to leave a link.

Find me:
Twitter: https://twitter.com/AshleyEpidemic
Facebook: https://www.facebook.com/ashleydreactions/
Tumblr: http://ashleydreactions.tumblr.com/
Instagram: https://www.instagram.com/ashleydreactions
Kpop Amino: http://aminoapps.com/p/3jtz6
CuriousCat: https://t.co/tTnjGJKFfc",14,0,6853,152592
26,Got7 Imagines || Jackson as your Boyfriend,['Music'],151,"~ Open Description Box for Information~
________________________________________________________________
Jackson Wang is 1/7 of the K-Pop Group Got7
________________________________________________________________
Next Video:  https://www.youtube.com/watch?v=odlQlJKbHjQ
Previous Video: https://www.youtube.com/watch?v=5-C99BwrmpY
________________________________________________________________
My Social Media: 
Twitter: Hollywood_tried
Instagram: Hollywood_tried
Tumblr: Neo-yeppeuda-taehyung
_______________________________________________________________
If you enjoyed make sure to leave a like and subscribe! xx
_______________________________________________________________
Any data on this video belongs to its respective owners unless otherwise stated. If you see your data here that you want me to remove, please send me a message. Thank you!
_______________________________________________________________
 ÏòÅÎØ∏] [Youngmi]~",17,0,2946,150462
27,160511 GOT7 1st CONCERT ‚ÄúFLY IN BANGKOK‚Äù Press Conference,"['Music', 'Television_program']",205,"160510 GOT7 1st CONCERT ‚ÄúFLY IN BANGKOK‚Äù Press Conference
*** DO NOT Reupload ***

Facebook : https://www.facebook.com/TemTemTown/
Website : http://temtem.bugaboo.tv/",16,0,2727,148730
28,"(GOT7, JAE, JIMIN &  KEVIN) bias in STRAYKIDS",['Music'],205,"members of strakids close to their sunbae at JYP Entertainment, especially bang leader as bang chan cs he has been practicing with members twice, day6, and was once a candidate got7 ut in the end that was chosen is bambam because it has a longer training period but even so I very grateful he made his own group and finally debuted along with other straykids members",24,0,9576,148451
29,O MARK DO GOT7 BANCAVA UMA NAMORADA EM SEGREDO?,['Entertainment'],770,"Fala com a gente gal, somos a NATY E A ISA! 
E hoje vamos explicar essa historia MALUCA do MARK DO GOT7 ter tido sua vida pessoal
Exposta pra todo mundo essa ultima semana! Confere a√≠ 
#mark #got7 #alwaysbyyoursidemarktuan


Quem somos?
Duas amigas alucinadas pela COREIA DO SUL e resolvemos criar esse canal para trazer para voc√™s tudo sobre K-POP, K-BEAUTY E K-DRAMAS! Esperamos que voc√™s gostem.
Teremos v√≠deo novo toda segunda, a partir das 18hrs no canaL, se interessou? SE INSCREVA A√ç E MOSTRE PRO COLEGUINHA, vamos fazer esses brasuca perder o preconceito com essa √Åsia T√ÉO MARAVILHOSA? Ent√£o √© isso, Annyeong (ÏïàÎÖï)!!!

Vamos ser migos na net? Segue l√°:
Twitter - @natisatv
Instagram - @natisatv
Insatagram (pessoal) - @namaral92 / @isagualbertos

Arte da thumbnail: @tetef.silveira
Arte da capa do canal e vinheta: Vit√≥ria",206,0,15088,137916
30,GOT7 Fans Are Furious At JYP And The Staff Of This Live Broadcast For Disrespecting Mark,['Entertainment'],219,"Got7 fans demand an apologize for staff giving Mark used chopsticks.

Subscribe to our channel ‚ñ∫https://goo.gl/JS3iaA
---------------‚òÖ‚òÖ‚òÖ‚òÖ‚òÖ----------------
Other Videos you might like:

Here's What Happened to GOT7's Members After They Got Their 1st Win for 'Look'
https://www.youtube.com/watch?v=KAjldCXkRzU

Got7 JB talks about BTS - 'Whenever I see BTS, I felt confident that GOT7 can do it too'
https://www.youtube.com/watch?v=patqjMXQc3s

GOT7 Jackson Buys A $16,000 Friendship Bracelet For Mark
https://www.youtube.com/watch?v=N-GCs2lVOsE

i GOT7 Furious At Wanna One For ‚Äústealing‚Äù GOT7‚Äôs Unique Concept
https://www.youtube.com/watch?v=B3UUvzxC84E

Crowd Of Fan Girls Fall While Chasing GOT7‚Ä¶ JB Saw Them And Reacted Perfectly
https://www.youtube.com/watch?v=4ZMtTD9Jx4s

GOT7's Mark Drops Teaser Images For '7 For 7'
https://www.youtube.com/watch?v=jNyOanT034s

[BREAKING] GOT7 Jackson Wang cancels activities after doctor orders him to stop performing
https://www.youtube.com/watch?v=GaSOL_PTT8o

Description:

[Source] https://www.koreaboo.com/buzz/got7-fans-outraged-mark-forced-eat-using-hands-broadcast/
---------------‚òÖ‚òÖ‚òÖ‚òÖ‚òÖ----------------
Our Social Media
‚ô• GooglePlus: https://goo.gl/EkTfJn
‚ô• Facebook: https://goo.gl/Q9biHH
‚ô• Pinterest: https://goo.gl/GjqLaH
‚ô• Twitter: https://goo.gl/ZiWTtb
---------------‚òÖ‚òÖ‚òÖ‚òÖ‚òÖ----------------",36,0,1388,122260
31,What A Surprise About The Result Of GOT7 Bambam‚Äôs Military Lottery Draw,['Music'],139,"GOT7‚Äôs BamBam waited to see his fateful card that decides whether he will serve in the Thai military or not. And here‚Äôs the result.

Subscribe to our channel ‚ñ∫https://goo.gl/JS3iaA
---------------‚òÖ‚òÖ‚òÖ‚òÖ‚òÖ----------------
Other Videos you might like:

GOT7 Bambam Was Spotted All In Black At The Venue For The Military Draft Lottery In Thailand
https://www.youtube.com/watch?v=Fk479vzHKHs

Got7 Jackson Has A Private Jet - JYPent Top Earning Artist
https://www.youtube.com/watch?v=lTHEHKmfP3c

GOT7 Fans Are Furious At JYP And The Staff Of This Live Broadcast For Disrespecting Mark
https://www.youtube.com/watch?v=63GLf5PvADU

Here's What Happened to GOT7's Members After They Got Their 1st Win for 'Look'
https://www.youtube.com/watch?v=KAjldCXkRzU

Got7 JB talks about BTS - 'Whenever I see BTS, I felt confident that GOT7 can do it too'
https://www.youtube.com/watch?v=patqjMXQc3s

GOT7 Jackson Buys A $16,000 Friendship Bracelet For Mark
https://www.youtube.com/watch?v=N-GCs2lVOsE

i GOT7 Furious At Wanna One For ‚Äústealing‚Äù GOT7‚Äôs Unique Concept
https://www.youtube.com/watch?v=B3UUvzxC84E

Crowd Of Fan Girls Fall While Chasing GOT7‚Ä¶ JB Saw Them And Reacted Perfectly
https://www.youtube.com/watch?v=4ZMtTD9Jx4s

GOT7's Mark Drops Teaser Images For '7 For 7'
https://www.youtube.com/watch?v=jNyOanT034s

Description:

[Source] https://www.koreaboo.com/news/got7-bambam-exempted-thai-military-service/
---------------‚òÖ‚òÖ‚òÖ‚òÖ‚òÖ----------------
Our Social Media
‚ô• GooglePlus: https://goo.gl/EkTfJn
‚ô• Facebook: https://goo.gl/Q9biHH
‚ô• Pinterest: https://goo.gl/GjqLaH
‚ô• Twitter: https://goo.gl/ZiWTtb
---------------‚òÖ‚òÖ‚òÖ‚òÖ‚òÖ----------------",20,0,2355,121775
32,Í∞ìÏÑ∏Î∏ê(GOT7) Ï†ÑÏßÄÏ†ÅCCTVÏãúÏ†ê_Ï∂úÍ∑ºÌé∏ „ÄäÎ∞©Ïñ∏Îãà„Äã,['Music'],257,"ÏùåÏõêÏàúÏúÑÏóê Í∞êÎèôÎ∞õÏùÄ Ïö∏ Îç©Ïñ¥Î¶¨Îì§ ‡≤°Ô∏∑‡≤°) 
Ïã†ÎÇòÍ∞ÄÏßÄÍµ¨ ÏÇêÏïΩÏÇêÏïΩÌïòÎäîÍ±∞ Î¥ê(‚òÖLook‚òÖ)Ï£ºÏÑ∏Ïöî....

‚ñ∂Î∞©Ïñ∏Îãà ÌéòÏù¥Ïä§Î∂Å : https://www.facebook.com/sbsunnieya/
‚ñ∂Î∞©Ïñ∏Îãà Ïù∏Ïä§ÌÉÄÍ∑∏Îû® : https://www.instagram.com/sbsunnieya/",17,0,7163,113783
33,Yugyeom is Cute,"['Television_program', 'Music', 'Music_of_Asia']",113,"Yugyeom is Cute
Happy Birthday to the lovely Kim Yugyeom. I hope you never stop smiling.
----------
BTS Live on Stage WINGS DVD/ Bluray Group Order: https://goo.gl/forms/QDMEOXzY4Op8cSg43
----------
SIGNED ASTRO Dream Part 2 Group Order: https://goo.gl/forms/pALG9Z8biC4HQ8d12
----------
SIGNED Monsta X The Code Group Order: https://goo.gl/forms/wqGb2iJ4sB7NoZ1I2
----------
GOT7 Arrival Monograph Group Order: https://goo.gl/forms/4B0peJDseYjhZHwf1
----------
GOT7 7 for 7 Fansign Group Order ($13 per album): https://goo.gl/forms/NRg2dRrR6pGxsT7R2
----------
To check what albums I have for sale and the status of group orders please look here: https://t.co/3FSyb3Skmu
or join my facebook group: https://www.facebook.com/groups/157762171294546/
----------
Don't forget to check out my  GOT7 Vines.
GOT7 Vines - Jaebum #2: https://youtu.be/kaGEqblLyG4
GOT7 Vines - Mark #2: https://youtu.be/miYLoh5lXGw
GOT7 Vines - Jackson #2: https://youtu.be/trj5Pzw4Puw
GOT7 Vines - Jinyoung #2: https://youtu.be/vneg-PtsS6Y
GOT7 Vines - Youngjae #2: https://youtu.be/dF61eUgJKkE
GOT7 Vines - BamBam #2: https://youtu.be/uOngBfejywQ
GOT7 Vines - Yugyeom #2: https://youtu.be/38JnCQFr5Vk
GOT7 Vines #2: https://youtu.be/w4UOIag2D1c
GOT7 Vines #3: https://youtu.be/QkyycwVlp4U
----------

If there are any videos you would like me to react to make sure to let me know below in the comments. Please make sure to leave a link.

Find me:
Twitter: https://twitter.com/AshleyEpidemic
Facebook: https://www.facebook.com/ashleydreactions/
Tumblr: http://ashleydreactions.tumblr.com/
Instagram: https://www.instagram.com/ashleydreactions
Kpop Amino: http://aminoapps.com/p/3jtz6
CuriousCat: https://t.co/tTnjGJKFfc",13,0,5689,112309
34,MARK being MARK: SAVAGE AND SWEET MARKJIN GOT7 engsub/subesp,"['Entertainment', 'Television_program']",100,"Copyright Disclaimer Under Section 107 of the Copyright Act 1976, allowance is made for ""fair use"" for purposes such as criticism, comment, news reporting, teaching, scholarship, and research. Fair use is a use permitted by copyright statute that might otherwise be infringing. Non-profit, educational or personal use tips the balance in favor of fair use.
-----------------------------------------------------------------------------------------------------
‚ô° If you want to talk to me/Si deseas hablar conmigo: 
‚ô° TWITTER: https://twitter.com/_MdelPilar",25,0,3022,103394
35,[FULL] GOT7 ÏõåÌÇπ EAT ÌôÄÎ¶¨Îç∞Ïù¥ Ïù∏ Ï†úÏ£º (Working EAT Holiday in Jeju ) 4Ìôî,"['Television_program', 'Entertainment']",52,,40,0,2217,99063
36,‡∏£‡∏ß‡∏°‡∏Ñ‡∏ß‡∏≤‡∏°‡∏ü‡∏¥‡∏ô‡∏à‡∏≤‡∏Å‡∏´‡∏ô‡∏∏‡πà‡∏°‡πÜ GOT7 ‡πÉ‡∏ô‡∏á‡∏≤‡∏ô #EST‡∏ü‡∏¥‡∏ô‡∏ï‡∏¥‡∏î‡πÄ‡∏Å‡∏≤‡∏∞‡∏Å‡∏±‡∏öGOT7,"['Entertainment', 'Performing_arts', 'Television_program']",79,"‡∏£‡∏ß‡∏°‡∏Ñ‡∏ß‡∏≤‡∏°‡∏ü‡∏¥‡∏ô‡∏à‡∏≤‡∏Å‡∏´‡∏ô‡∏∏‡πà‡∏°‡πÜ GOT7 ‡πÉ‡∏ô‡∏á‡∏≤‡∏ô #EST‡∏ü‡∏¥‡∏ô‡∏ï‡∏¥‡∏î‡πÄ‡∏Å‡∏≤‡∏∞‡∏Å‡∏±‡∏öGOT7
*** DO NOT Reupload ***

Facebook : https://www.facebook.com/TemTemTown
Website : http://temtem.bugaboo.tv",35,0,1489,96591
37,‡πÅ‡∏ü‡∏ä‡∏±‡πà‡∏ô‡πÅ‡∏ö‡∏°‡πÅ‡∏ö‡∏° GOT7 ‡πÅ‡∏ã‡πà‡∏ö‡∏ó‡∏∏‡∏Å‡∏ä‡∏∏‡∏î,"['Lifestyle_(sociology)', 'Fashion']",36,,17,0,919,92245
38,"KPOP DIY: Dijes KPOP con silicona caliente |K-freak| EXO, GOT7, BLOCKB, SUPER JUNIOR, INFINITE","['Hobby', 'Lifestyle_(sociology)']",139,"Estamos aqu√≠, una semana m√°s con un nuevo v√≠deo.
Espero que les guste.
Como siempre, pod√©is dejarme en los comentarios los grupos que os gustar√≠a ver en pr√≥ximos v√≠deos. Y si les gust√≥ este, no olviden darle like y compartirlo en sus redes sociales.
Saranghae ~

-------------------
Facebook: https://www.facebook.com/kfreakforever
Instagram: https://www.instagram.com/kfreaks/
Tumblr: http://kfreakforever.tumblr.com/
Twitter: https://twitter.com/KFreakF

-------

I own everything in this video ~
Music: 'Spashing Around' from Youtube Free Music Library.
Edited on Sony Vegar Pro.",44,0,4383,88156
39,GOT7 Sexy Moments,"['Music_of_Asia', 'Music']",65,"GOT7 Sexy Moments
I know not all of them are ""sexy"" but all of them get to me just the same.
If you'd like to see more videos like this, comment them below!
----------
@MAXLIGHT95 Wintergan Ver2 Slogan Group Order: https://goo.gl/forms/RSMT4DbJyoRs99Jr2
----------
Astro Dream Part.01 Group Order: https://goo.gl/forms/iqLmerJhzzoc1LSJ3
----------
SIGNED VIXX  4th Mini Album Group Order: https://goo.gl/forms/oJ8IzKdsS9Je0amw1
----------
To check what albums I have for sale and the status of group orders please look here: https://t.co/3FSyb3Skmu
or join my facebook group: https://www.facebook.com/groups/157762171294546/
----------
Don't forget to check out my  GOT7 Vines.
GOT7 Vines - Jaebum #2: https://youtu.be/kaGEqblLyG4
GOT7 Vines - Mark #2: https://youtu.be/miYLoh5lXGw
GOT7 Vines - Jackson #2: https://youtu.be/trj5Pzw4Puw
GOT7 Vines - Jinyoung #2: https://youtu.be/vneg-PtsS6Y
GOT7 Vines - Youngjae #2: https://youtu.be/dF61eUgJKkE
GOT7 Vines - BamBam #2: https://youtu.be/uOngBfejywQ
GOT7 Vines - Yugyeom #2: https://youtu.be/38JnCQFr5Vk
GOT7 Vines #2: https://youtu.be/w4UOIag2D1c
GOT7 Vines #3: https://youtu.be/QkyycwVlp4U
----------

If there are any videos you would like me to react to make sure to let me know below in the comments. Please make sure to leave a link.

Find me:
Twitter: https://twitter.com/AshleyEpidemic
Facebook: https://www.facebook.com/ashleydreactions/
Tumblr: http://ashleydreactions.tumblr.com/
Instagram: https://www.instagram.com/ashleydreactions
Kpop Amino: http://aminoapps.com/p/3jtz6
CuriousCat: https://t.co/tTnjGJKFfc",22,0,2042,86759
40,„ÄêÈüìÂúã„ÄëGOT7Âá∫ÂúãÁéãÂòâÁàæË™çÂá∫ÁÜüË®òËÄÖ Ë≤ºÂøÉËàâÂãïÊöñÁÇ∏‰∫Ü,['Entertainment'],47,,42,0,1082,85845
41,GOT7 Vines BamBam #2,"['Music_of_Asia', 'Music']",81,"GOT7 Vines BamBam #2
----------
BTS Comeback group order: https://goo.gl/forms/Z0dREP97Po6yWLx13
----------
To check what albums I have for sale and the status of group orders please look here: https://t.co/3FSyb3Skmu
----------
Don't forget to check out my  GOT7 Vines.
GOT7 Vines - Jaebum #2: https://youtu.be/kaGEqblLyG4
GOT7 Vines - Mark #2: https://youtu.be/miYLoh5lXGw
GOT7 Vines - Jackson #2: https://youtu.be/trj5Pzw4Puw
GOT7 Vines - Jinyoung #2: https://youtu.be/vneg-PtsS6Y
GOT7 Vines - Youngjae #2: https://youtu.be/dF61eUgJKkE
GOT7 Vines #2: https://youtu.be/w4UOIag2D1c
GOT7 Vines #3: https://youtu.be/QkyycwVlp4U
----------

If there are any videos you would like me to react to make sure to let me know below in the comments. Please make sure to leave a link.

Find me:
Twitter: https://twitter.com/AshleyEpidemic
Facebook: https://www.facebook.com/ashleydreactions/
Tumblr: http://ashleydreactions.tumblr.com/
Instagram: https://www.instagram.com/ashleydreactions
Kpop Amino: http://aminoapps.com/p/3jtz6
CuriousCat: https://t.co/tTnjGJKFfc",13,0,3079,84230
42,"KPOP DIY: ‚ú∂ Haz tu propio lightstick ‚ú∂ |K-freak| TWICE, GOT7, GIRLS' GENERATION","['Music', 'Music_of_Asia']",488,"¬°Hola preciosos!

No saben lo mucho que me cost√≥ encontrar una manera de que puedan hacer sus propios lighsticks, as√≠ que espero que les guste y la compartan con sus amigos kpopers.

D√©jenme abajo sugerencias y peticiones.
Saranghae ~

Link tubo:
‚Ü† https://goo.gl/DZuu96

Link luces:
‚Ü† https://goo.gl/QvhTp6
‚Ü†https://goo.gl/UehofB
‚Ü†https://goo.gl/FGIjUw
‚Ü†https://goo.gl/KhkSeN



English Version: 
https://youtu.be/SHO7pZt3_Cs

-------------------
Facebook: https://www.facebook.com/kfreakforever
Instagram: https://www.instagram.com/kfreaks/
Tumblr: http://kfreakforever.tumblr.com/
Twitter: https://twitter.com/KFreakF

-------

I own everything in this video ~
Music: 'Spashing Around' from Youtube Free Music Library.
Edited on Sony Vegar Pro.",52,0,6218,83613
43,GOT7's Mark Cries On Stage After Hearing News Of Grandmother‚Äôs Pa5ing,['Music'],83,"On the third day of GOT7‚Äòs ‚ÄúEyes on You in Seoul‚Äù concert, Mark shed tears on stage.

Subscribe to our channel ‚ñ∫https://goo.gl/JS3iaA
---------------‚òÖ‚òÖ‚òÖ‚òÖ‚òÖ----------------
Other Videos you might like:

Neitizens Angry At Fan Hjts GOT7 Youngjae In The Face With A Hard Object
https://www.youtube.com/watch?v=94dy6G1D2fQ

What A Surprise About The Result Of GOT7 Bambam‚Äôs Military Lottery Draw
https://www.youtube.com/watch?v=JPucKXP1ThA

GOT7 Bambam Was Spotted All In Black At The Venue For The Military Draft Lottery In Thailand
https://www.youtube.com/watch?v=Fk479vzHKHs

Got7 Jackson Has A Private Jet - JYPent Top Earning Artist
https://www.youtube.com/watch?v=lTHEHKmfP3c

GOT7 Fans Are Furious At JYP And The Staff Of This Live Broadcast For Disrespecting Mark
https://www.youtube.com/watch?v=63GLf5PvADU

Here's What Happened to GOT7's Members After They Got Their 1st Win for 'Look'
https://www.youtube.com/watch?v=KAjldCXkRzU

Got7 JB talks about BTS - 'Whenever I see BTS, I felt confident that GOT7 can do it too'
https://www.youtube.com/watch?v=patqjMXQc3s

GOT7 Jackson Buys A $16,000 Friendship Bracelet For Mark
https://www.youtube.com/watch?v=N-GCs2lVOsE

i GOT7 Furious At Wanna One For ‚Äústealing‚Äù GOT7‚Äôs Unique Concept
https://www.youtube.com/watch?v=B3UUvzxC84E

Crowd Of Fan Girls Fall While Chasing GOT7‚Ä¶ JB Saw Them And Reacted Perfectly
https://www.youtube.com/watch?v=4ZMtTD9Jx4s

GOT7's Mark Drops Teaser Images For '7 For 7'
https://www.youtube.com/watch?v=jNyOanT034s

Description:

[Source] https://www.koreaboo.com/news/got7s-mark-tears-news-grandmothers-passing/

https://twitter.com/IG7MY/status/993092034658357248/video/1
---------------‚òÖ‚òÖ‚òÖ‚òÖ‚òÖ----------------
Our Social Media
‚ô• GooglePlus: https://goo.gl/EkTfJn
‚ô• Facebook: https://goo.gl/Q9biHH
‚ô• Pinterest: https://goo.gl/GjqLaH
‚ô• Twitter: https://goo.gl/ZiWTtb
---------------‚òÖ‚òÖ‚òÖ‚òÖ‚òÖ----------------",9,0,1783,82335
44,"180224 4NOLOGUE PRESENTS ""2018 GOT7 WORLD TOUR IN BANGKOK""","['Performing_arts', 'Entertainment', 'Television_program']",95,"180224 4NOLOGUE PRESENTS ""GOT7  WORLD TOUR IN BANGKOK""
*** DO NOT Reupload ***

Facebook : https://www.facebook.com/TemTemTown
Website : http://temtem.bugaboo.tv",13,0,1602,70815
45,GOT7 BAMBAM LOVES ME,"['Music', 'Music_of_Asia']",164,"GOT7 JUST MUSIC VIDEO REACTION HERE
https://www.youtube.com/watch?v=yhbrJFeZrmc

‚òÖ SUBSCRIBE HERE MY FRIEND ‚ñ∫ http://bit.ly/VWGEO1 
‚òÖ Add and follow me  ‚ô• Smile again =) ‚òÖ

FACEBOOK ‚ñ∫ http://on.fb.me/XE0ZcK

INSTAGRAM ‚ñ∫ http://bit.ly/1tiJWKe

TWITTER ‚ñ∫ http://bit.ly/1u7ZFbX

VINE ‚ñ∫ http://bit.ly/1vW2RZm

SOUNDCLOUD ‚ñ∫ http://bit.ly/1q3b8FE",19,0,3289,68171
46,[‡∏ã‡∏±‡∏ö‡πÑ‡∏ó‡∏¢] ‡πÄ‡∏°‡∏∑‡πà‡∏≠‡∏Ñ‡∏ô‡πÄ‡∏Å‡∏≤‡∏´‡∏•‡∏µ‡πÑ‡∏î‡πâ‡∏ü‡∏±‡∏á‡πÄ‡∏û‡∏•‡∏á You Are ‡∏Ç‡∏≠‡∏á GOT7...,['Music'],58,"cr. Koreaboo
Koreans react to GOT7 - You Are
‡∏Å‡∏•‡∏±‡∏ö‡∏°‡∏≤‡πÅ‡∏•‡πâ‡∏ß‡∏Ñ‡πà‡∏∞‡∏ó‡∏∏‡∏Å‡∏Ñ‡∏ô‡∏ô‡∏ô ‡∏ï‡∏≠‡∏ô‡∏ô‡∏µ‡πâ‡πÉ‡∏ô‡∏¢‡∏π‡∏ó‡∏π‡∏ö‡∏≠‡∏≤‡∏à‡∏à‡∏∞‡πÑ‡∏°‡πà‡∏Ñ‡πà‡∏≠‡∏¢‡πÑ‡∏î‡πâ‡∏•‡∏á‡∏ô‡∏∞‡∏Ñ‡∏∞ ‡πÄ‡∏û‡∏£‡∏≤‡∏∞‡∏ß‡πà‡∏≤‡∏°‡∏±‡∏ô‡∏ï‡∏¥‡∏î‡∏•‡∏¥‡∏Ç‡∏™‡∏¥‡∏ó‡∏ò‡∏¥‡πå‡πÄ‡∏¢‡∏≠‡∏∞‡∏°‡∏≤‡∏Å ‡πÅ‡∏ï‡πà‡∏¢‡∏±‡∏á‡πÑ‡∏á‡∏Å‡πá‡∏ï‡∏≤‡∏° ‡∏ä‡πà‡∏ß‡∏á‡∏ó‡∏µ‡πà‡πÄ‡∏£‡∏≤‡∏´‡∏≤‡∏¢‡πÑ‡∏õ ‡πÄ‡∏£‡∏≤‡πÄ‡∏õ‡∏¥‡∏î‡πÄ‡∏û‡∏à Facebook ‡πÅ‡∏•‡πâ‡∏ß‡∏Ñ‡πà‡∏∞ ‡∏ï‡∏≤‡∏°‡πÑ‡∏õ‡∏î‡∏π‡∏Å‡∏±‡∏ô‡πÑ‡∏î‡πâ‡∏ô‡∏∞‡∏Ñ‡∏∞ ‡∏°‡∏µ‡∏ö‡∏≤‡∏á‡∏Ñ‡∏•‡∏¥‡∏õ‡∏ó‡∏µ‡πà‡πÑ‡∏°‡πà‡πÑ‡∏î‡πâ‡∏•‡∏á‡πÉ‡∏ô‡∏ô‡∏µ‡πâ‡∏î‡πâ‡∏ß‡∏¢ ‡∏¢‡∏±‡∏á‡πÑ‡∏á‡∏Å‡πá‡∏ï‡∏≤‡∏°‡πÄ‡∏´‡∏°‡∏∑‡∏≠‡∏ô‡πÄ‡∏î‡∏¥‡∏°‡∏Ñ‡πà‡∏∞ ‡∏ú‡∏¥‡∏î‡∏û‡∏•‡∏≤‡∏î‡∏ï‡∏£‡∏á‡πÑ‡∏´‡∏ô‡∏Ç‡∏≠‡∏≠‡∏†‡∏±‡∏¢‡∏î‡πâ‡∏ß‡∏¢‡∏ô‡∏∞‡∏Ñ‡∏∞ :)

Facebook: Palaleaseee_17
https://www.facebook.com/palaleaseee17thsubs/",8,0,1223,65600
47,Sh*ts GOT7 - Mark Tuan said and done [Funny Moment] part.1,['Music'],39,"*do not re-upload*
*please take out full credit if you want to cut it and post it somewhere else*",66,0,1282,65262
48,‡πÄ‡∏à‡∏≤‡∏∞‡∏•‡∏∂‡∏Å‡πÅ‡∏ö‡∏°‡πÅ‡∏ö‡∏° Got7 ‡∏Å‡∏±‡∏ö‡∏™‡πÑ‡∏ï‡∏•‡πå‡∏Å‡∏≤‡∏£‡πÅ‡∏ï‡πà‡∏á‡∏ï‡∏±‡∏ß‡∏â‡∏ö‡∏±‡∏ö‡∏´‡∏ô‡∏∏‡πà‡∏°‡∏™‡∏∏‡∏î‡∏Æ‡∏≠‡∏ï ‡∏£‡∏π‡πâ‡∏£‡∏≤‡∏Ñ‡∏≤‡πÅ‡∏•‡πâ‡∏ß‡∏à‡∏∞‡∏ï‡∏Å‡πÉ‡∏à!!!,"['Fashion', 'Lifestyle_(sociology)']",43,"‡∏Å‡∏î‡∏ï‡∏¥‡∏î‡∏ï‡∏≤‡∏°‡∏£‡∏ß‡∏°‡πÅ‡∏ü‡∏ä‡∏±‡πà‡∏ô ‡∏î‡∏≤‡∏£‡∏≤ ‡∏ã‡∏µ‡∏£‡∏µ‡∏¢‡πå‡πÄ‡∏î‡πá‡∏î ‡∏•‡∏∞‡∏Ñ‡∏£‡∏î‡∏±‡∏á ‡∏î‡∏ß‡∏á,‡πÄ‡∏á‡∏¥‡∏ô,‡∏Ñ‡∏ß‡∏≤‡∏°‡∏£‡∏±‡∏Å. ‡∏ó‡∏µ‡πà‡∏ô‡∏µ‡πâ‡∏Ñ‡∏£‡∏ö
https://www.youtube.com/channel/UCjOUVE_bxeLTTYn6Aa9achw",13,0,1012,65318
49,„ÄêÈüìÂúã„ÄëGOT7ÁèçÊ¶ÆÊäìÊúâË¨ôÊâãÊâìÊãõÂëºË∂ÖËêå IZ*ONEÁ¥ØÂ£ûÊÅ©Â¶ÉÂ•àÂ≠êË∂ÖÊ≤íÁ≤æÁ•û,['Entertainment'],32,"OKÊàëÂÄëÊ¶ÆÂÆ∞Â∞±ÊòØÈÄôÈ∫ºÈ´òÂÜ∑
‰∏çÈÅéÂ∏ΩÂ≠êÈÄôÊ®£Êà¥ÁúüÁöÑÁúãÂæóÂà∞Ë∑ØÂóé
GOT7Êó•ÂâçÂâõÁµêÊùüÊó•Êú¨Â∑°Êºî7Êó•ËøîÈüì
ÈõñÁÑ∂ÊàêÂì°ÂÄëÁï•È°ØÁñ≤ÊÜä
‰ΩÜÁúãÂà∞Èè°È†≠‰æùËàä‰πñÂ∑ßÂïèÂ•ΩË∂ÖÊúâÁ¶ÆË≤å",5,0,707,64492
