,commentCount,country,description,hiddenSubscriberCount,subscriberCount,title,videoCount,video_descriptions,video_titles,viewCount
0,0,Unkown,"Channel ‡∏™‡∏≥‡∏´‡∏£‡∏±‡∏ö‡∏£‡∏ß‡∏ö‡∏£‡∏ß‡∏° ‡∏ú‡∏•‡∏á‡∏≤‡∏ô‡∏Ç‡∏≠‡∏á‡∏ö‡∏£‡∏¥‡∏©‡∏±‡∏ó ‡∏ô‡∏≤‡∏î‡∏≤‡∏ß ‡∏ö‡∏≤‡∏á‡∏Å‡∏≠‡∏Å ‡∏à‡∏≥‡∏Å‡∏±‡∏î

contact us : ‡∏ö‡∏£‡∏¥‡∏©‡∏±‡∏ó ‡∏ô‡∏≤‡∏î‡∏≤‡∏ß ‡∏ö‡∏≤‡∏á‡∏Å‡∏≠‡∏Å ‡∏à‡∏≥‡∏Å‡∏±‡∏î 
                     92/14 ‡∏ã.‡∏™‡∏∏‡∏Ç‡∏∏‡∏°‡∏ß‡∏¥‡∏ó 31 (‡∏™‡∏ß‡∏±‡∏™‡∏î‡∏µ)
                     ‡πÅ‡∏Ç‡∏ß‡∏á‡∏Ñ‡∏•‡∏≠‡∏á‡∏ï‡∏±‡∏ô‡πÄ‡∏´‡∏ô‡∏∑‡∏≠ ‡πÄ‡∏Ç‡∏ï‡∏ß‡∏±‡∏í‡∏ô‡∏≤
                     ‡∏Å‡∏ó‡∏°. 10110
Tel : 02-662-0499, Fax : 02-258-8361",False,715000,NadaoBangkok,1110,"['""Sanctuary"" ‡πÄ‡∏£‡∏∑‡πà‡∏≠‡∏á‡∏£‡∏≤‡∏ß‡πÉ‡∏ô‡∏ä‡πà‡∏ß‡∏á‡πÄ‡∏ß‡∏•‡∏≤‡∏´‡∏ô‡∏∂‡πà‡∏á‡∏Ç‡∏≠‡∏á ‡πÅ‡∏ö‡∏°‡πÅ‡∏ö‡∏° ‡πÄ‡∏°‡∏∑‡πà‡∏≠‡πÄ‡∏Ç‡∏≤‡∏ñ‡∏π‡∏Å‡∏™‡πà‡∏á‡πÑ‡∏õ‡πÄ‡∏£‡∏µ‡∏¢‡∏ô‡∏ó‡∏µ‡πà‡πÄ‡∏Å‡∏≤...', '‡∏ï‡∏¥‡∏î‡∏ï‡∏≤‡∏° ""Sanctuary"" ‡∏û‡∏£‡πâ‡∏≠‡∏°‡∏Å‡∏±‡∏ô‡∏ß‡∏±‡∏ô‡∏ó‡∏µ‡πà 11 ‡∏û‡∏§‡∏©‡∏†‡∏≤‡∏Ñ‡∏°‡∏ô‡∏µ‡πâ.']","['Sanctuary [Official]', '‡∏ï‡∏±‡∏ß‡∏≠‡∏¢‡πà‡∏≤‡∏á Sanctuary (Official Trailer)']",183248688
1,0,Unkown,‡∏Ñ‡∏•‡∏¥‡∏õ‡∏î‡∏µ ‡∏Ñ‡∏•‡∏¥‡∏Å‡∏î‡∏π Bugaboo.TV,False,395000,Bugaboo.TV,1470,"['‡πÄ‡∏°‡∏∑‡πà‡∏≠ 7 ‡∏´‡∏ô‡∏∏‡πà‡∏° GOT7 ‡∏û‡∏π‡∏î‡∏†‡∏≤‡∏©‡∏≤‡πÑ‡∏ó‡∏¢‡πÅ‡∏ö‡∏ö 4 ‡∏†‡∏≤‡∏Ñ (‡πÄ‡∏´‡∏ô‡∏∑‡∏≠,‡∏≠‡∏µ‡∏™‡∏≤‡∏ô, ‡πÉ‡∏ï‡πâ ‡πÅ‡∏•‡∏∞ ‡∏Å‡∏•‡∏≤‡∏á) ‡∏à‡∏∞‡∏ü‡∏±‡∏á‡∏£‡∏π‡πâ‡πÄ‡∏£‡∏∑‡πà...', '150711 The Fanclub Fan Meeting with GOT7 *** DO NOT Reupload *** Facebook : https://www.facebook.com/TemTemTown Website : http://temtem.bugaboo.tv.', '‡πÄ‡∏°‡∏∑‡πà‡∏≠ GOT7 ‡∏ï‡πâ‡∏≠‡∏á‡πÇ‡∏ä‡∏ß‡πå Step Dance ‡πÉ‡∏ô‡πÅ‡∏ö‡∏ö‡∏Ç‡∏≠‡∏á‡∏ï‡∏±‡∏ß‡πÄ‡∏≠‡∏á ‡∏à‡∏∞‡πÄ‡∏õ‡πá‡∏ô‡∏¢‡∏±‡∏á‡πÑ‡∏á‡πÑ‡∏õ‡∏î‡∏π‡∏Å‡∏±‡∏ô *** DO NOT Reupload *** Facebook...', ""180223 GOT7 at EST ‡∏ã‡πà‡∏≤‡∏ã‡∏µ‡πâ‡∏î‡πÄ‡∏•‡∏∑‡∏≠‡∏Å‡πÑ‡∏î‡πâ 'Play Game' *** DO NOT Reupload *** Facebook : https://www.facebook.com/TemTemTown Website ..."", '150313 GOT7 1st Fan Party in Bangkok Press Conference *** DO NOT Reupload *** Facebook : https://www.facebook.com/TemTemTown Website ...', '‡πÄ‡∏°‡∏∑‡πà‡∏≠ ‡πÅ‡∏Æ‡∏à‡∏¥‡∏ô‡∏ä‡∏ß‡∏ô ""‡∏î‡∏µ‡πÄ‡∏à‡∏ô‡∏∏‡πâ‡∏¢"" ‡∏î‡∏∑‡πà‡∏°‡∏ô‡πâ‡∏≥‡∏™‡πâ‡∏° Welcome Drink ‡∏î‡πâ‡∏ß‡∏¢‡∏Å‡∏±‡∏ô ‡∏Ñ‡∏ß‡∏≤‡∏°‡∏ô‡πà‡∏≤‡∏£‡∏±‡∏Å‡∏à‡∏∂‡∏á‡∏ö‡∏±‡∏á‡πÄ‡∏Å‡∏¥‡∏î.', 'GOT7 1st Fan Party in Bangkok 14-15/03/15 *** DO NOT Reupload *** Facebook : https://www.facebook.com/TemTemTown Website : http://temtem.bugaboo.tv.', ""170204 4th ANNIVERSARY It's Skin Thialand with GOT7 (TALK) *** DO NOT Reupload *** Facebook : https://www.facebook.com/TemTemTown Website ..."", '170601 GOT7 Thailand Tour 2017 ""NESTIVAL"" Press Conference *** DO NOT Reupload *** Facebook : https://www.facebook.com/TemTemTown Website ...', '160722 est ‡πÄ‡∏õ‡∏¥‡∏î‡∏ï‡∏±‡∏ß‡πÅ‡∏ö‡∏£‡∏ô‡∏î‡πå‡πÅ‡∏≠‡∏°‡∏ö‡∏≤‡∏™‡πÄ‡∏î‡∏≠‡∏£‡πå ‡∏ã‡πà‡∏≤‡∏ã‡∏µ‡πâ‡∏î‡∏™‡∏∏‡∏î‡∏Ç‡∏±‡πâ‡∏ß‡∏Å‡∏±‡∏ö GOT7 2/2 *** DO NOT Reupload *** Facebook : https://www.face...', '170228 GOT7 with EST ‡∏ã‡πà‡∏≤‡∏ã‡∏µ‡πâ‡∏î‡πÄ‡∏•‡∏∑‡∏≠‡∏Å‡πÑ‡∏î‡πâ‡∏ó‡∏±‡πâ‡∏á‡∏ü‡∏¥‡∏ô‡∏ó‡∏±‡πâ‡∏á‡∏ã‡∏¥‡πà‡∏á (TALK) *** DO NOT Reupload *** Facebook : https://www.facebook.com/TemTemTown...', ""170204 4th ANNIVERSARY It's Skin Thialand with GOT7 (PLAY GAME) *** DO NOT Reupload *** Facebook : https://www.facebook.com/TemTemTown Website ..."", 'GOT7 Exclusive Interview at ‡πÄ‡∏≠‡∏™‡∏ü‡∏¥‡∏ô‡∏ï‡∏¥‡∏î‡πÄ‡∏Å‡∏≤‡∏∞‡∏Å‡∏±‡∏ö GOT7 *** DO NOT Reupload *** Facebook : https://www.facebook.com/TemTemTown Website ...', '160722 est ‡πÄ‡∏õ‡∏¥‡∏î‡∏ï‡∏±‡∏ß‡πÅ‡∏ö‡∏£‡∏ô‡∏î‡πå‡πÅ‡∏≠‡∏°‡∏ö‡∏≤‡∏™‡πÄ‡∏î‡∏≠‡∏£‡πå ‡∏ã‡πà‡∏≤‡∏ã‡∏µ‡πâ‡∏î‡∏™‡∏∏‡∏î‡∏Ç‡∏±‡πâ‡∏ß‡∏Å‡∏±‡∏ö GOT7 1/2 *** DO NOT Reupload *** Facebook : https://www.face...', '160510 GOT7 1st CONCERT ‚ÄúFLY IN BANGKOK‚Äù Press Conference *** DO NOT Reupload *** Facebook : https://www.facebook.com/TemTemTown/ Website ...', '‡∏£‡∏ß‡∏°‡∏Ñ‡∏ß‡∏≤‡∏°‡∏ü‡∏¥‡∏ô‡∏à‡∏≤‡∏Å‡∏´‡∏ô‡∏∏‡πà‡∏°‡πÜ GOT7 ‡πÉ‡∏ô‡∏á‡∏≤‡∏ô #EST‡∏ü‡∏¥‡∏ô‡∏ï‡∏¥‡∏î‡πÄ‡∏Å‡∏≤‡∏∞‡∏Å‡∏±‡∏öGOT7 *** DO NOT Reupload *** Facebook : https://www.facebook.com/TemTemTow...', '141213 JYP NATION in BANGKOK 2014 ""ONE MIC"" *** DO NOT Reupload *** Facebook : https://www.facebook.com/TemTemTown Website ...', '180224 4NOLOGUE PRESENTS ""GOT7 WORLD TOUR IN BANGKOK"" *** DO NOT Reupload *** Facebook : https://www.facebook.com/TemTemTown Website ...', '141213 JYP NATION IN BANGKOK ""ONE MIC"" Press *** DO NOT Reupload *** Facebook : https://www.facebook.com/TemTemTown Website ...', '170228 GOT7 with EST ‡∏ã‡πà‡∏≤‡∏ã‡∏µ‡πâ‡∏î‡πÄ‡∏•‡∏∑‡∏≠‡∏Å‡πÑ‡∏î‡πâ‡∏ó‡∏±‡πâ‡∏á‡∏ü‡∏¥‡∏ô‡∏ó‡∏±‡πâ‡∏á‡∏ã‡∏¥‡πà‡∏á (Sing LET ME) *** DO NOT Reupload *** Facebook : https://www.facebook.com/TemTemTown...', '180223 GOT7 ""You Are"" at EST ‡∏ã‡πà‡∏≤‡∏ã‡∏µ‡πâ‡∏î‡πÄ‡∏•‡∏∑‡∏≠‡∏Å‡πÑ‡∏î‡πâ *** DO NOT Reupload *** Facebook : https://www.facebook.com/TemTemTown Website : http://temtem.bugaboo.tv.', ""180223 GOT7 at EST ‡∏ã‡πà‡∏≤‡∏ã‡∏µ‡πâ‡∏î‡πÄ‡∏•‡∏∑‡∏≠‡∏Å‡πÑ‡∏î‡πâ 'TALK' *** DO NOT Reupload *** Facebook : https://www.facebook.com/TemTemTown Website : http://temtem.bugaboo.tv."", ""GOT7 THAILAND TOUR 2017 ''NESTIVAL'' at Korat & Chiang Mai *** DO NOT Reupload *** Facebook : https://www.facebook.com/TemTemTown Website ..."", ""GOT7 THAILAND TOUR 2017 ''NESTIVAL'' | Spot Promo *** DO NOT Reupload *** Facebook : https://www.facebook.com/TemTemTown Website ..."", 'Tem!Tem ‡πÄ‡∏Å‡πá‡∏ö‡∏ö‡∏ó‡∏™‡∏±‡∏°‡∏†‡∏≤‡∏©‡∏ì‡πå‡∏à‡∏≤‡∏Å ‡∏Ñ‡∏∏‡∏ì‡∏™‡∏∏‡∏ä‡∏ç‡∏≤ ‡∏õ‡∏≤‡∏•‡∏µ‡∏ß‡∏á‡∏®‡πå ‡∏ú‡∏π‡πâ‡∏à‡∏±‡∏î‡∏Å‡∏≤‡∏£‡∏ù‡πà‡∏≤‡∏¢‡∏Å‡∏≤‡∏£‡∏ï‡∏•‡∏≤‡∏î ‡∏ä‡πâ‡∏≠‡∏õ‡∏õ‡∏µ‡πâ...', '""‡∏ä‡πâ‡∏≠‡∏õ‡∏õ‡∏µ‡πâ‚Äù ‡∏ä‡∏ß‡∏ô‡πÅ‡∏ü‡∏ô ‡πÜ ‡∏ä‡∏≤‡∏ß‡πÑ‡∏ó‡∏¢‡∏ï‡πâ‡∏≠‡∏ô‡∏£‡∏±‡∏ö ‚Äú‡πÅ‡∏ö‡∏°‡πÅ‡∏ö‡∏° ‡∏Å‡∏±‡∏ô‡∏ï‡πå‡∏û‡∏¥‡∏°‡∏∏‡∏Å‡∏ï‡πå‚Äù ‡∏Å‡∏•‡∏±‡∏ö‡∏ö‡πâ‡∏≤‡∏ô‡πÉ‡∏ô‡∏Å‡∏¥‡∏à‡∏Å‡∏£...', ""2017 KIM JAEJOONG ASIA TOUR in BKK 'The REBIRTH of J' Spot Promo 170204 4th ANNIVERSARY It's Skin Thialand with GOT7 (PLAY GAME) *** DO NOT ...""]","['‡πÄ‡∏°‡∏∑‡πà‡∏≠ 7 ‡∏´‡∏ô‡∏∏‡πà‡∏° GOT7 ‡∏û‡∏π‡∏î‡∏†‡∏≤‡∏©‡∏≤‡πÑ‡∏ó‡∏¢‡πÅ‡∏ö‡∏ö 4 ‡∏†‡∏≤‡∏Ñ ‡∏à‡∏∞‡∏ü‡∏±‡∏á‡∏£‡∏π‡πâ‡πÄ‡∏£‡∏∑‡πà‡∏≠‡∏á‡∏°‡∏±‡πâ‡∏¢‡πÑ‡∏õ‡∏î‡∏π‡∏Å‡∏±‡∏ô', '150711 The Fanclub Fan Meeting with GOT7', '‡πÄ‡∏°‡∏∑‡πà‡∏≠ GOT7 ‡∏ï‡πâ‡∏≠‡∏á‡πÇ‡∏ä‡∏ß‡πå Step Dance ‡πÉ‡∏ô‡πÅ‡∏ö‡∏ö‡∏Ç‡∏≠‡∏á‡∏ï‡∏±‡∏ß‡πÄ‡∏≠‡∏á ‡∏à‡∏∞‡πÄ‡∏õ‡πá‡∏ô‡∏¢‡∏±‡∏á‡πÑ‡∏á‡πÑ‡∏õ‡∏î‡∏π‡∏Å‡∏±‡∏ô', '180223 GOT7 at EST ‡∏ã‡πà‡∏≤‡∏ã‡∏µ‡πâ‡∏î‡πÄ‡∏•‡∏∑‡∏≠‡∏Å‡πÑ‡∏î‡πâ &#39;Play Game&#39;', '150313 GOT7 1st Fan Party in Bangkok Press Conference', '‡πÄ‡∏°‡∏∑‡πà‡∏≠ PARK HAE JIN ‡∏ä‡∏ß‡∏ô &quot;‡∏î‡∏µ‡πÄ‡∏à‡∏ô‡∏∏‡πâ‡∏¢&quot; ‡∏î‡∏∑‡πà‡∏°‡∏ô‡πâ‡∏≥‡∏™‡πâ‡∏°‡∏î‡πâ‡∏ß‡∏¢‡∏Å‡∏±‡∏ô', 'GOT7 1st Fan Party in Bangkok', '170204 4th ANNIVERSARY It&#39;s Skin Thialand with GOT7 (TALK)', '170601 GOT7 Thailand Tour 2017 &quot;NESTIVAL&quot; Press Conference', '160722 est ‡πÄ‡∏õ‡∏¥‡∏î‡∏ï‡∏±‡∏ß‡πÅ‡∏ö‡∏£‡∏ô‡∏î‡πå‡πÅ‡∏≠‡∏°‡∏ö‡∏≤‡∏™‡πÄ‡∏î‡∏≠‡∏£‡πå ‡∏ã‡πà‡∏≤‡∏ã‡∏µ‡πâ‡∏î‡∏™‡∏∏‡∏î‡∏Ç‡∏±‡πâ‡∏ß‡∏Å‡∏±‡∏ö GOT7 2/2', '170228 GOT7 with EST ‡∏ã‡πà‡∏≤‡∏ã‡∏µ‡πâ‡∏î‡πÄ‡∏•‡∏∑‡∏≠‡∏Å‡πÑ‡∏î‡πâ‡∏ó‡∏±‡πâ‡∏á‡∏ü‡∏¥‡∏ô‡∏ó‡∏±‡πâ‡∏á‡∏ã‡∏¥‡πà‡∏á (TALK)', '170204 4th ANNIVERSARY It&#39;s Skin Thialand with GOT7 (PLAY GAME)', 'GOT7 Exclusive Interview at ‡πÄ‡∏≠‡∏™‡∏ü‡∏¥‡∏ô‡∏ï‡∏¥‡∏î‡πÄ‡∏Å‡∏≤‡∏∞‡∏Å‡∏±‡∏ö GOT7', '160722 est ‡πÄ‡∏õ‡∏¥‡∏î‡∏ï‡∏±‡∏ß‡πÅ‡∏ö‡∏£‡∏ô‡∏î‡πå‡πÅ‡∏≠‡∏°‡∏ö‡∏≤‡∏™‡πÄ‡∏î‡∏≠‡∏£‡πå ‡∏ã‡πà‡∏≤‡∏ã‡∏µ‡πâ‡∏î‡∏™‡∏∏‡∏î‡∏Ç‡∏±‡πâ‡∏ß‡∏Å‡∏±‡∏ö GOT7 1/2', '160511 GOT7 1st CONCERT ‚ÄúFLY IN BANGKOK‚Äù Press Conference', '‡∏£‡∏ß‡∏°‡∏Ñ‡∏ß‡∏≤‡∏°‡∏ü‡∏¥‡∏ô‡∏à‡∏≤‡∏Å‡∏´‡∏ô‡∏∏‡πà‡∏°‡πÜ GOT7 ‡πÉ‡∏ô‡∏á‡∏≤‡∏ô #EST‡∏ü‡∏¥‡∏ô‡∏ï‡∏¥‡∏î‡πÄ‡∏Å‡∏≤‡∏∞‡∏Å‡∏±‡∏öGOT7', '141213 JYP NATION in BANGKOK 2014 &quot;ONE MIC&quot;', '180224 4NOLOGUE PRESENTS &quot;2018 GOT7 WORLD TOUR IN BANGKOK&quot;', '141213 JYP NATION IN BANGKOK &quot;ONE MIC&quot; Press', '170228 GOT7 with EST ‡∏ã‡πà‡∏≤‡∏ã‡∏µ‡πâ‡∏î‡πÄ‡∏•‡∏∑‡∏≠‡∏Å‡πÑ‡∏î‡πâ‡∏ó‡∏±‡πâ‡∏á‡∏ü‡∏¥‡∏ô‡∏ó‡∏±‡πâ‡∏á‡∏ã‡∏¥‡πà‡∏á (Sing LET ME)', '180223 GOT7 &quot;You Are&quot; at EST ‡∏ã‡πà‡∏≤‡∏ã‡∏µ‡πâ‡∏î‡πÄ‡∏•‡∏∑‡∏≠‡∏Å‡πÑ‡∏î‡πâ', '180223 GOT7 at EST ‡∏ã‡πà‡∏≤‡∏ã‡∏µ‡πâ‡∏î‡πÄ‡∏•‡∏∑‡∏≠‡∏Å‡πÑ‡∏î‡πâ &#39;TALK&#39;', 'GOT7 THAILAND TOUR 2017 ‚Äò‚ÄòNESTIVAL‚Äô‚Äô at Korat &amp; Chiang Mai', 'GOT7 THAILAND TOUR 2017 &#39;&#39;NESTIVAL&#39;&#39; | Spot Promo', '&#39;‡∏ä‡πâ‡∏≠‡∏õ‡∏õ‡∏µ‡πâ&#39; ‡∏ä‡∏ß‡∏ô‡πÅ‡∏ü‡∏ô‡∏Ñ‡∏•‡∏±‡∏ö‡∏ä‡∏≤‡∏ß‡πÑ‡∏ó‡∏¢‡∏£‡πà‡∏ß‡∏°‡∏Å‡∏£‡∏µ‡πä‡∏î‡πÉ‡∏´‡πâ‡∏™‡∏∏‡∏î‡πÄ‡∏™‡∏µ‡∏¢‡∏á ‡πÉ‡∏ô‡∏á‡∏≤‡∏ô &quot;Shopee x GOT7 I GOT7 U FAN Sign&quot;', '‡∏™‡∏±‡∏°‡∏†‡∏≤‡∏©‡∏ì‡πå‡∏û‡∏¥‡πÄ‡∏®‡∏©‡∏Å‡πà‡∏≠‡∏ô‡πÄ‡∏£‡∏¥‡πà‡∏°‡∏á‡∏≤‡∏ô ‚ÄúShopee BamBam Homecoming‚Äù ‡∏ï‡πâ‡∏≠‡∏ô‡∏£‡∏±‡∏ö‡πÅ‡∏ö‡∏°‡πÄ‡πÅ‡∏ö‡∏°‡∏Å‡∏•‡∏±‡∏ö‡∏ö‡πâ‡∏≤‡∏ô(‡∏Å‡∏±‡∏ô‡∏ï‡πå)', '2017 KIM JAEJOONG ASIA TOUR in BKK ‚ÄòThe REBIRTH of J‚Äô Spot Promo']",49922674
2,0,ID,,False,4510,Mita Yasella,33,"['do not re-upload* *please take out full credit if you want to cut it and post it somewhere else*', 'do not re-upload* *please take out full credit if you want to cut it and post it somewhere else*', 'do not re-upload* *please take out full credit if you want to cut it and post it somewhere else*', 'do not re-upload* *please take out full credit if you want to cut it and post it somewhere else*', 'do not re-upload* *please take out full credit if you want to cut it and post it somewhere else*', 'Follow GOT7 JB (DEFSOUL) on SoundCloud https://soundcloud.com/def_xxx Link to Bad Habit Feat. JOMALONE: ...', 'Follow GOT7 JB (DEFSOUL) on SoundCloud https://soundcloud.com/def_xxx Link to Holic: https://soundcloud.com/def_xxx/holic HOLIC By DefSoul While I was ...', 'Follow GOT7 Yugyeom on SoundCloud https://soundcloud.com/yugyeom17 Link to The Way You Are ...', 'Follow GOT7 JB (DEFSOUL) on SoundCloud https://soundcloud.com/def_xxx Link to Sin Feat. JOMALONE: https://soundcloud.com/def_xxx/sin-featjomalon SIN ...', 'Follow GOT7 JB (DEFSOUL) on SoundCloud https://soundcloud.com/def_xxx Link to Lost: https://soundcloud.com/def_xxx/lost LOST By DefSoul Starting at one ...', 'Twitter: https://twitter.com/GOT7Official FB: https://www.facebook.com/jcast.tv/', 'Please take out with full credit. Thank you and enjoy! ^^', 'do not re-upload* *please take out full credit if you want to cut it and post it somewhere else*', ""Follow GOT7 JB (DEFSOUL) on SoundCloud https://soundcloud.com/def_xxx Link to Don't Worryt: https://soundcloud.com/def_xxx/dont-worry DON'T WORRY ..."", 'do not re-upload* *please take out full credit if you want to cut it and post it somewhere else*', 'do not re-upload* *please take out full credit if you want to cut it and post it somewhere else*', '', ""Hello guys! On my previous video I was creating Mark Tuan. So today I made The Sims 4 version of Jaebum GOT7. I've tried so hard to make it looks like him, but ...""]","['GOT7 MAGNAE VS HYUNG &quot;Who will win?&quot;', 'Sh*ts GOT7 - Mark Tuan said and done [Funny Moment] part.2', 'Sh*ts GOT7 - Mark Tuan said and done [Funny Moment] part.1', '[HOT ver.] Park Jinyoung (GOT7) &quot;Will Make You Scream!&quot;', '[HOT ver.] Mark Tuan (GOT7) &quot;Will Make You Scream!&quot;', 'GOT7 JB - Bad Habit Feat. JOMALONE [Eng Lyric]', 'GOT7 JB - Holic [Eng Lyric]', 'GOT7 Yugyeom - The Way You Are (Í∑∏ÎåÄÎ°ú ) feat. Prod  Effn', 'GOT7 JB - Sin Feat. JOMALONE [Eng Lyric]', 'GOT7 JB - Lost [Eng Lyric]', '160708 GOT7 J.cast TV update (After Fly In Singapore)', '[Eng Sub] 151128 GOT7 1st Fanmeeting in Indonesia part.3 (Fancam)', '[HOT ver.] Jackson Wang (GOT7) &quot;Will Make You Scream!&quot;', 'GOT7 JB - Don&#39;t Worry [Eng Lyric]', '[HOT ver.] Im Jaebum (GOT7) &quot;Will Make You Scream!&quot;', '[HOT ver.] Kim Yugyeom (GOT7) &quot;Will Make You Scream!&quot;', '[ENG SUB] 2014 JYP NATION  ONE MIC  Exclusive Interview Clip #GOT7 CUT', 'JB GOT7 The Sims 4']",2188167
3,0,Unkown,"Programas, entrevistas, canciones y cosas random de GOT7 subtituladas al espa√±ol. De Ahgase para Ahgase üê¶",False,65000,Sonia Guerrero IGot7,153,"['Suscr√≠banse para m√°s videos de GOT7 *Compartan el video con cr√©ditos y por favor no lo resuban* .......................................................... Mi twitter: https://twitter.c.', 'Entrevista completa: https://youtu.be/5x2Ru4wE5lE Suscr√≠banse para m√°s videos de GOT7 *Compartan el video con cr√©ditos y por favor no lo resuban* .', 'Suscr√≠banse para m√°s videos de GOT7 *Compartan el video con cr√©ditos y por favor no lo resuban* Gracias por ver! .......................................................... Mi ...', 'Jackson visit√≥ un asilo de ancianos y les ofreci√≥ a los abuelos all√≠ ser su ""nieto por un d√≠a"" ya que no ven mucho a sus familias. Aqu√≠ se ofreci√≥ a lavar los pies ...', 'Video original: https://www.youtube.com/watch?v=GsSY0FKN3Bs Suscr√≠banse para m√°s videos de GOT7 *Compartan el video con cr√©ditos y por favor no lo ...', 'Suscr√≠banse para m√°s videos de GOT7 *Compartan el video con cr√©ditos y por favor no lo resuban* .......................................................... Mi twitter: https://twitter.c.', 'Suscr√≠banse para m√°s videos de GOT7 *Compartan el video con cr√©ditos y por favor no lo resuban* Gracias por ver! .......................................................... Mi ...', 'Suscr√≠banse para m√°s videos de GOT7!! Video original: https://www.youtube.com/watch?v=CcRTe3AvWTk *Compartan el video con cr√©ditos y por favor no lo ...', 'Suscr√≠banse para m√°s videos de GOT7 *Compartan el video con cr√©ditos y por favor no lo resuban* .......................................................... Mi twitter: https://twitter.c.', 'Suscr√≠banse para m√°s videos de GOT7 *Compartan el video con cr√©ditos y por favor no lo resuban* Gracias por ver! .......................................................... Mi ...', 'GOT7 & IGOT7 Suscr√≠banse para m√°s videos de GOT7 *Compartan el video con cr√©ditos y por favor no lo resuban* .............................................................', 'Me pidieron que traduciera esto, as√≠ que aqu√≠ esta Suscr√≠banse para m√°s videos de GOT7 *Compartan el video con cr√©ditos y por favor no lo resuban* .', 'Suscr√≠banse para m√°s videos de GOT7 *Compartan el video con cr√©ditos y por favor no lo resuban* Gracias por ver! .......................................................... Mi ...', 'Links de los episodios: EP 14: http://www.dailymotion.com/video/x68wrp8 Ep 15 Parte 1: http://www.dailymotion.com/video/x68wtv6 Parte 2: ...', 'Links de los episodios: EP 11: http://www.dailymotion.com/video/x68wa9b EP 12: http://www.dailymotion.com/video/x68wdu8 Ep 13 Parte 1: ...', 'Links de los episodios: Ep 9 Parte 1: http://www.dailymotion.com/video/x67tk2n Parte 2: http://www.dailymotion.com/video/x67ttss Ep 10 Parte 1: ...']","['[Sub Espa√±ol] GOT7 intentando hacer re√≠r a Jackson', '[Sub Espa√±ol] GOT7 Jackson: &quot;No ten√≠amos mucho dinero cuando era joven&quot;', '[Sub Espa√±ol] GOT7 Jackson ense√±ando chino a MC Jin - Idol Producer', '[Sub Espa√±ol] GOT7 Jackson cuidando de una abuelita en Top Surprise', '7 cosas que no sabes sobre GOT7 - MTV News [SUB ESP]', '[Sub Espa√±ol] GOT7 Jackson, un dulce novio en @MCD 171102', '[Sub Espa√±ol] GOT7 Jackson es un mentor estricto - Idol producer Preview EP2', '[Sub Espa√±ol] GOT7 COMEBACK COUNTDOWN - Eclipse', '[Sub Espa√±ol]  GOT7 LINE LIVE - 190131', '[Sub Espa√±ol] Idol Producer - Jackson y MC Jin - Jackson y sus amigos? 180108', '[Sub Espa√±ol] GOT7  logra mil millones de corazones en V LIVE Global Top 10', '[Sub Espa√±ol] HYOLYN &amp; GOT7 - Blue Moon', '[Sub Espa√±ol] GOT7 Jinyoung recibe llamada de Hongkira', '[Sub Espa√±ol] Magic School EP 14, 15 y 16 (Final)', '[Sub Espa√±ol] Magic School EP 11, 12 y 13', '[Sub Espa√±ol] Magic School EP 9 y EP 10']",12322029
4,0,KR,"üòçÏó¨Îü¨Î∂Ñ  Ï≤úÏ≤úÌûà Î≥¥Í≥† Í≤∞Ï†ï ÌïòÏÑ∏Ïöîüíû
(‡∏à‡∏£‡∏¥‡∏á‡πÜ‡πÅ‡∏•‡πâ‡∏ß‡πÄ‡∏£‡∏∑‡πà‡∏≠‡∏á‡∏£‡∏≤‡∏ß‡∏ó‡∏±‡πâ‡∏á‡∏´‡∏°‡∏î‡πÄ‡∏õ‡πá‡∏ô‡∏≠‡∏¢‡πà‡∏≤‡∏á‡πÑ‡∏£..?)
‡∏ä‡πà‡∏≠‡∏á‡∏ô‡∏µ‡πâ‡∏à‡∏±‡∏î‡∏ó‡∏≥‡∏Ç‡∏∂‡πâ‡∏ô‡πÄ‡∏û‡∏∑‡πà‡∏≠‡∏•‡∏ö‡∏•‡πâ‡∏≤‡∏á‡∏Ñ‡∏ß‡∏≤‡∏°‡πÄ‡∏ä‡∏∑‡πà‡∏≠‡∏ö‡∏≤‡∏á‡∏≠‡∏¢‡πà‡∏≤‡∏á
‡πÉ‡∏ô‡∏´‡∏°‡∏π‡πà‡∏Ñ‡∏ô‡πÑ‡∏ó‡∏¢‡πÅ‡∏•‡∏∞‡∏™‡∏£‡πâ‡∏≤‡∏á‡∏Ñ‡∏ß‡∏≤‡∏°‡∏ö‡∏±‡∏ô‡πÄ‡∏ó‡∏¥‡∏á‡∏™‡∏ô‡∏∏‡∏Å‡∏™‡∏ô‡∏≤‡∏ô
‡∏ó‡∏±‡πâ‡∏á‡∏ô‡∏µ‡πâ‡∏Ç‡∏∂‡πâ‡∏ô‡∏≠‡∏¢‡∏π‡πà‡∏Å‡∏±‡∏ö‡∏ó‡∏±‡∏®‡∏ô‡∏Ñ‡∏ï‡∏¥‡∏ß‡∏¥‡∏ò‡∏µ‡∏Ñ‡∏¥‡∏î‡πÅ‡∏•‡∏∞‡∏û‡∏∑‡πâ‡∏ô‡∏ê‡∏≤‡∏ô‡∏ä‡∏µ‡∏ß‡∏¥‡∏ï‡∏Ç‡∏≠‡∏á
‡πÅ‡∏ï‡πà‡∏•‡∏∞‡∏ö‡∏∏‡∏Ñ‡∏Ñ‡∏•‡∏ä‡πà‡∏≠‡∏á‡πÄ‡∏õ‡∏¥‡∏î‡πÄ‡∏õ‡πá‡∏ô‡∏™‡∏≤‡∏ò‡∏≤‡∏£‡∏ì‡∏∞‡∏™‡∏≤‡∏°‡∏≤‡∏£‡∏ñ‡πÅ‡∏™‡∏î‡∏á
‡∏Ñ‡∏ß‡∏≤‡∏°‡∏Ñ‡∏¥‡∏î‡πÄ‡∏´‡πá‡∏ô‡πÑ‡∏î‡πâ ""‡πÑ‡∏•‡∏Ñ‡πå‡πÅ‡∏•‡∏∞‡∏î‡∏¥‡∏™‡πÑ‡∏•‡∏Ñ‡πå‡πÑ‡∏î‡πâ"" ‡πÑ‡∏°‡πà‡∏õ‡∏¥‡∏î‡∏Å‡∏±‡πâ‡∏ô‡∏Ñ‡πà‡∏∞
‡∏ô‡∏≠‡∏Å‡∏à‡∏≤‡∏Å‡∏Ñ‡∏ô‡∏ó‡∏µ‡πà‡∏£‡∏≤‡∏¢‡∏á‡∏≤‡∏ô‡∏°‡∏±‡πà‡∏ß‡πÜ‡πÄ‡∏Ç‡πâ‡∏≤‡∏°‡∏≤‡∏õ‡πâ‡∏≤‡∏Ç‡∏≠‡∏™‡∏≠‡∏¢‡∏ô‡∏∞‡∏Ñ‡∏∞

*‡∏≠‡∏¢‡∏≤‡∏Å‡∏ù‡∏≤‡∏Å‡∏ä‡πà‡∏≠‡∏á‡∏ù‡∏≤‡∏Å‡∏•‡∏¥‡πâ‡∏á‡∏Ñ‡πå‡∏ù‡∏≤‡∏Å‡∏Ñ‡∏•‡∏¥‡∏õ‡∏ù‡∏≤‡∏Å‡∏≠‡∏∞‡πÑ‡∏£‡∏™‡∏ô‡∏∏‡∏Å‡πÜ
‡∏ï‡∏¥‡∏î‡∏ï‡πà‡∏≠‡πÑ‡∏î‡πâ‡πÄ‡∏•‡∏¢‡∏ô‡∏∞‡∏Ñ‡∏∞‡∏ä‡πà‡∏ß‡∏¢‡∏Å‡∏±‡∏ô‡πÜ‡∏¢‡∏¥‡∏ô‡∏î‡∏µ‡∏Ñ‡πà‡∏∞‡∏Ç‡∏≠‡∏ö‡∏û‡∏£‡∏∞‡∏Ñ‡∏∏‡∏ì‡∏Ñ‡πà‡∏∞
‡∏¢‡∏¥‡∏ô‡∏î‡∏µ‡πÄ‡∏õ‡πá‡∏ô‡πÄ‡∏û‡∏∑‡πà‡∏≠‡∏ô‡πÄ‡∏õ‡πá‡∏ô‡∏°‡∏¥‡∏ï‡∏£‡∏Å‡∏±‡∏ö‡∏ó‡∏∏‡∏Å‡πÜ‡∏Ñ‡∏ô‡∏ó‡∏∏‡∏Å‡πÜ‡∏ä‡πà‡∏≠‡∏á‡∏ô‡∏∞‡∏Ñ‡πä‡∏≤üòò

üìå‡∏™‡∏ô‡πÉ‡∏à‡∏•‡∏á‡πÇ‡∏Ü‡∏©‡∏ì‡∏≤‡∏õ‡∏±‡∏Å‡∏´‡∏°‡∏∏‡∏î‡∏î‡πâ‡∏≤‡∏ô‡∏ö‡∏ô‡∏™‡∏∏‡∏î‡∏Ç‡∏≠‡∏á‡∏Ñ‡∏•‡∏¥‡∏õ‡∏î‡∏±‡∏á
‡∏ó‡∏±‡πâ‡∏á‡∏´‡∏•‡∏±‡∏Å‡πÅ‡∏™‡∏ô‡∏ß‡∏¥‡∏ß‡∏´‡∏•‡∏±‡∏Å‡∏´‡∏•‡∏≤‡∏ô‡∏ß‡∏¥‡∏ß‡∏ô‡∏µ‡πâ‡∏ó‡∏±‡πâ‡∏á‡πÄ‡∏ß‡πá‡∏õ‡πÑ‡∏ã‡∏î‡πå‡∏´‡∏£‡∏∑‡∏≠‡πÄ‡∏û‡∏à
‡∏£‡πâ‡∏≤‡∏ô‡∏Ñ‡πâ‡∏≤‡πÅ‡∏•‡∏∞‡∏™‡∏¥‡∏ô‡∏Ñ‡πâ‡∏≤‡∏ä‡∏±‡πâ‡∏ô‡∏ô‡∏≥‡∏Ñ‡∏∏‡∏ì‡∏†‡∏≤‡∏û‡∏ï‡πà‡∏≤‡∏á‡πÜ‡∏ï‡∏¥‡∏î‡∏ï‡πà‡∏≠‡πÑ‡∏î‡πâ‡∏ó‡∏µ‡πà‡∏ô‡∏µ‡πà
(‡∏Å‡∏≥‡∏•‡∏±‡∏á‡πÉ‡∏à‡πÄ‡∏•‡πá‡∏Å‡πÜ‡∏ô‡πâ‡∏≠‡∏¢‡πÜ‡πÉ‡∏ô‡∏Å‡∏≤‡∏£‡∏û‡∏±‡∏í‡∏ô‡∏≤‡∏ï‡πà‡∏≠‡∏¢‡∏≠‡∏î‡∏Ñ‡πà‡∏∞üòç)
dinklovebangkok@gmail.com

(Inbox‡πÉ‡∏ô‡∏¢‡∏π‡∏ó‡∏π‡∏õ)
https://www.youtube.com/add_contact?c=LioKxd1wsZA0sTFz4Er3JM07ffPdMw",False,197000,K-really [ ‡πÄ‡∏Å‡∏£‡∏µ‡∏¢‡∏ô‡πÄ‡∏Å‡∏≤‡∏´‡∏•‡∏µ ],347,"['‡∏ó‡∏±‡πâ‡∏á‡∏ô‡∏µ‡πâ‡∏°‡∏µ‡∏Å‡∏≤‡∏£‡∏ß‡∏¥‡∏û‡∏≤‡∏Å‡∏©‡πå‡∏ß‡∏¥‡∏à‡∏≤‡∏£‡∏ì‡πå‡∏Å‡∏±‡∏ô‡πÄ‡∏õ‡πá‡∏ô‡∏à‡∏≥‡∏ô‡∏ß‡∏ô‡∏°‡∏≤‡∏Å   ‡∏ñ‡∏∂‡∏á‡∏Å‡∏≤‡∏£‡πÅ‡∏™‡∏î‡∏á‡∏Ñ‡∏ß‡∏≤‡∏°‡∏î‡∏µ‡πÉ‡∏à‡∏≠‡∏±...', '‡∏õ‡∏•.‡πÄ‡∏£‡∏∑‡πà‡∏≠‡∏á‡∏ô‡∏µ‡πâ‡∏õ‡πâ‡∏≤‡∏à‡∏∞‡πÑ‡∏°‡πà‡∏¢‡∏∏‡πà‡∏á‡∏£‡∏≠‡∏ï‡∏¥‡∏î‡∏ï‡∏≤‡∏°‡∏ä‡∏°‡∏ï‡πà‡∏≠‡πÑ‡∏õ     ""Real Men""‡∏£‡∏≤‡∏¢‡∏Å‡∏≤‡∏£‡πÄ‡∏£‡∏µ‡∏¢‡∏•‡∏¥‡∏ï‡∏µ‡πâ‡∏ô‡∏≥‡πÄ...', '‡πÄ‡∏°‡∏∑‡πà‡∏≠‡∏û‡∏µ‡πà‡∏Å‡∏≤‡∏£‡πå‡∏î‡∏û‡∏•‡∏≤‡∏î‡πÑ‡∏°‡πà‡πÑ‡∏î‡πâ‡∏ï‡∏£‡∏ß‡∏à‡∏ó‡∏≤‡∏ô‡∏Ç‡∏≠‡∏á‡∏Ç‡∏ß‡∏±‡∏ç     ‡∏ú‡∏•‡∏•‡∏±‡∏û‡∏ó‡πå ""‡∏•‡∏•‡∏¥‡∏©‡∏≤"" ‡∏Å‡πá‡∏°‡∏µ‡∏≠‡∏≤‡∏Å‡∏≤‡∏£...', 'BLACKPINK‡∏Ç‡∏∂‡πâ‡∏ô‡πÇ‡∏ä‡∏ß‡πå‡∏Ñ‡∏≠‡∏ô‡πÄ‡∏™‡∏¥‡∏£‡πå‡∏ï‡πÉ‡∏ô‡πÑ‡∏ó‡∏¢       ü§£‡πÅ‡∏≠‡∏ö‡πÄ‡∏•‡πà‡∏ô‡∏ô‡∏≠‡∏Å‡∏™‡∏Ñ‡∏•‡∏¥‡∏õ‡∏î‡πâ‡∏ß‡∏¢‡∏Å‡∏≤‡∏£‡πÄ‡∏•‡πà‡∏ô‡πÄ‡∏õ‡πà‡∏≤‡∏¢‡∏¥...', '‡πÅ‡∏°‡πà‡πÄ‡∏à‡∏ô‡∏ô‡∏µ‡πà‡πÄ‡∏Ñ‡∏∑‡∏≠‡∏á‡∏û‡∏µ‡πà‡∏Å‡∏≤‡∏£‡πå‡∏î‡πÇ‡∏≠‡∏õ‡∏õ‡πâ‡∏≤‡πÄ‡∏≠‡∏≤‡∏°‡∏∑‡∏≠‡∏Ç‡∏ß‡∏≤‡∏áBLINK   ‡πÄ‡∏û‡∏£‡∏≤‡∏∞‡∏à‡∏∞‡∏™‡∏ß‡∏°‡∏°‡∏á‡∏Å‡∏∏‡∏é‡∏î‡∏≠‡∏Å‡πÑ‡∏°...', '‡πÉ‡∏ô‡∏Ñ‡∏ß‡∏≤‡∏°‡∏î‡∏∏‡∏î‡∏±‡∏ô‡πÄ‡∏Ñ‡∏£‡πà‡∏á‡∏Ç‡∏•‡∏∂‡∏°‡πÅ‡∏ù‡∏á‡∏î‡πâ‡∏ß‡∏¢‡∏Ñ‡∏ß‡∏≤‡∏°‡∏≠‡πà‡∏≠‡∏ô‡πÇ‡∏¢‡∏ôü§£ ""  LISA""‡πÉ‡∏ô‡∏á‡∏≤‡∏ômeet‡πÑ‡∏ã‡∏ô‡πå‡πÉ‡∏ô‡πÄ‡∏°‡∏∑‡∏≠‡∏á‡πÑ‡∏ó‡∏¢‡∏Ç...', '‡∏Å‡∏≤‡∏£‡πÅ‡∏™‡∏î‡∏á‡∏Ñ‡∏≠‡∏ô‡πÄ‡∏™‡∏¥‡∏£‡∏ï‡πåBLACKPINK TOUR JAKARTA ‡∏õ‡∏£‡∏∞‡πÄ‡∏ó‡∏®‡∏≠‡∏¥‡∏ô‡πÇ‡∏î‡∏ô‡∏µ‡πÄ‡∏ã‡∏µ‡∏¢‡πÉ‡∏ô‡πÄ‡∏û‡∏•‡∏á BOOMBAYAH ‡πÄ‡∏õ‡πá‡∏ô‡∏ó‡πà‡∏≠‡∏ô ‡∏à...', '‡πÄ‡∏°‡∏∑‡πà‡∏≠‡∏à‡∏µ‡∏ã‡∏π‡∏≠‡∏≠‡∏ô‡∏ô‡∏µ‡πà‡πÄ‡∏ï‡∏∞‡∏ö‡∏≠‡∏•‡πÉ‡∏™‡πà‡∏ô‡πâ‡∏≠‡∏á‡πÄ‡∏à‡∏ô‡∏î‡∏∂‡∏Å  ü§£   ‡πÄ‡∏à‡∏ô‡∏î‡∏∂‡∏Å‡∏ñ‡∏∂‡∏á‡∏ü‡πâ‡∏≠‡∏á‡πÅ‡∏ü‡∏ôBLINK‡∏ß‡πà‡∏≤‡∏û‡∏µ‡πà‡πÄ...', '‡∏™‡∏∏‡πà‡∏°‡πÄ‡∏ï‡πâ‡∏ô‡∏î‡πâ‡∏ß‡∏¢‡∏Å‡∏≤‡∏£‡∏ö‡∏≠‡∏Å‡∏à‡∏≥‡∏ô‡∏ß‡∏ô‡∏ú‡∏π‡πâ‡∏≠‡∏≠‡∏Å‡∏°‡∏≤‡πÄ‡∏ï‡πâ‡∏ô‡∏ï‡∏≤‡∏°‡∏Ñ‡∏≥‡∏™‡∏±‡πà‡∏á    ‚öñÔ∏è ‡∏î‡πâ‡∏ß‡∏¢‡∏†‡∏≤‡∏©‡∏≤‡πÄ‡∏Å‡∏≤‡∏´‡∏•...', 'GOT7‡∏à‡∏£‡∏¥‡∏á‡πÜ‡πÅ‡∏•‡πâ‡∏ß‡πÅ‡∏ö‡∏°‡πÜ‡πÄ‡∏õ‡πá‡∏ô""‡πÄ‡∏î‡πá‡∏Å‡∏Å‡∏ß‡∏ô....„Öã„Öã  "" Î±ÄÎ±Ä‡πÅ‡∏ö‡∏°‡πÜ‡∏•‡πâ‡∏≠‡πÄ‡∏•‡∏µ‡∏¢‡∏ô‡∏ó‡πà‡∏≤‡πÄ‡∏ï‡πâ‡∏ô‡∏•‡∏•‡∏¥‡∏©‡∏≤‡πÄ‡∏û‡∏∑‡πà...', '‡∏Å‡πá‡πÑ‡∏°‡πà‡∏°‡∏µ‡∏≠‡∏∞‡πÑ‡∏£..!! ‡∏Å‡πá‡πÄ‡∏Ç‡∏≤‡πÄ‡∏õ‡πá‡∏ô‡πÄ‡∏û‡∏∑‡πà‡∏≠‡∏ô‡∏Å‡∏±‡∏ô 555+ü§£   ‡πÉ‡∏ô‡∏á‡∏≤‡∏ô‡∏£‡∏±‡∏ö‡∏£‡∏≤‡∏á‡∏ß‡∏±‡∏•GDA2019‡∏à‡∏±‡∏á‡∏´‡∏ß‡∏∞‡∏ó‡∏µ‡πà‡∏™‡∏≤...', 'BLACKPINK‡∏™‡∏≤‡∏ß‡πÜ‡∏≠‡∏≠‡∏Å‡∏á‡∏≤‡∏ô‡∏≠‡∏µ‡πÄ‡∏ß‡πâ‡∏ô‡∏Ç‡∏≠‡∏á""‡∏™‡πÑ‡∏õ‡∏£‡∏ó‡πå""   ‡∏ó‡∏µ‡πà‡∏ò‡∏£‡∏µ‡∏°‡πÉ‡∏ô‡∏á‡∏≤‡∏ô‡∏≠‡∏≠‡∏Å‡πÅ‡∏ô‡∏ß‡∏Ñ‡∏•‡πâ‡∏≤‡∏¢‡πÜ‡∏™‡∏á‡∏Å‡∏£‡∏≤‡∏ô‡∏ï...', '‡πÄ‡∏°‡∏∑‡πà‡∏≠‡πÄ‡∏´‡∏•‡πà‡∏≤‡∏ö‡∏£‡∏£‡∏î‡∏≤‡∏´‡∏ô‡∏∏‡πà‡∏°‡πÜ‡∏Å‡πá‡∏≠‡∏ï‡πÄ‡∏ã‡πÄ‡∏ß‡πà‡∏ô‡∏ó‡∏±‡πâ‡∏á7                         ‡∏ï‡πâ‡∏≠‡∏á‡∏°‡∏≤‡∏≠‡∏≠‡∏Å‡∏£...', '‡∏´‡∏•‡∏±‡∏á‡∏à‡∏≤‡∏Å‡∏´‡∏ô‡∏π‡∏ô‡πâ‡∏≠‡∏¢""‡∏ô‡∏≤‡∏Æ‡∏≤‡∏≠‡∏∂‡∏ô""‡πÑ‡∏î‡πâ‡πÑ‡∏õ‡πÇ‡∏ä‡∏ß‡πå‡πÅ‡∏•‡∏∞‡∏°‡∏≠‡∏ö   ‡∏ä‡πà‡∏≠‡∏î‡∏≠‡∏Å‡πÑ‡∏°‡πâ‡πÉ‡∏´‡πâ‡∏Å‡∏±‡∏ö‡∏®‡∏¥‡∏•‡∏õ‡∏¥‡∏ô‡πÉ‡∏ô...', '‡∏Å‡∏≤‡∏£‡πÄ‡∏õ‡∏¥‡∏î‡∏á‡∏≤‡∏ô‡∏Ç‡∏≠‡∏á‡πÄ‡∏´‡∏•‡πà‡∏≤‡∏®‡∏¥‡∏•‡∏õ‡∏¥‡∏ô[‡∏Å‡∏≤‡πÇ‡∏¢‡πÅ‡∏ó‡∏ä‡∏≠‡∏ô]   16/12/26_2016 Í∞ÄÏöîÎåÄÏ†Ñ @ Coex   BLACKPINK_O-PENING SHOW ...', '‡πÄ‡∏°‡∏∑‡πà‡∏≠‡πÄ‡∏¢‡∏£‡∏¥‡πÅ‡∏•‡∏∞‡πÄ‡∏´‡∏•‡πà‡∏≤‡∏™‡∏°‡∏≤‡∏ä‡∏¥‡∏Å‡∏ß‡∏áRed Velvet     ‡∏£‡πâ‡∏≠‡∏á‡∏ó‡πà‡∏≠‡∏ô‡πÅ‡∏£‡πä‡∏û‡πÄ‡∏•‡∏µ‡∏¢‡∏ô‡πÅ‡∏ö‡∏ö‡∏•‡∏¥‡∏ã‡πà‡∏≤‡∏ú‡πà‡∏≤‡∏ô...', '‡πÄ‡∏°‡∏∑‡πà‡∏≠‡πÅ‡∏ü‡∏ô""BLINK JAPAN""‡πÄ‡∏ã‡∏≠‡∏£‡πå‡πÑ‡∏û‡∏£‡∏™‡πå‡πÅ‡∏ö‡∏•‡πá‡∏Ñ‡∏û‡∏¥‡πâ‡∏á‡∏Ñ‡πå       ‚ù§Ô∏è    ‡∏ö‡∏£‡∏£‡∏î‡∏≤‡∏™‡∏≤‡∏ß‡πÜ‡∏à‡∏∞‡∏°‡∏µ‡∏õ‡∏é‡∏¥‡∏Å‡∏£‡∏¥‡∏¢...', '‡πÉ‡∏ô‡∏á‡∏≤‡∏ô‡∏õ‡∏£‡∏∞‡∏Å‡∏≤‡∏®‡∏£‡∏±‡∏ö‡∏£‡∏≤‡∏á‡∏ß‡∏±‡∏•‡∏ü‡∏±‡∏á‡πÜ‡πÅ‡∏•‡πâ‡∏ß‡πÑ‡∏°‡πà‡∏°‡∏µ‡πÄ‡∏û‡∏•‡∏á     ‡∏Ç‡∏≠‡∏á‡πÅ‡∏ö‡∏•‡πá‡∏Ñ‡∏û‡∏¥‡πâ‡∏á‡πÑ‡∏î‡πâ‡∏¢‡∏±‡∏á‡πÑ‡∏á...', '‡πÄ‡∏´‡∏ï‡∏∏‡∏Å‡∏≤‡∏£‡πå‡∏ì‡∏£‡∏∞‡∏ó‡∏∂‡∏Å‡πÄ‡∏•‡πá‡∏Å‡πÜ‡πÄ‡∏°‡∏∑‡πà‡∏≠‡∏™‡∏≤‡∏ß‡πÜ‡πÅ‡∏ö‡∏•‡πá‡∏Ñ‡∏û‡∏¥‡πâ‡∏á‡∏Ñ‡πå ‡πÑ‡∏î‡πâ‡πÄ‡∏î‡∏¥‡∏ô‡∏ó‡∏≤‡∏á‡∏à‡∏≤‡∏Å‡πÄ‡∏Å‡∏≤‡∏´‡∏•‡∏µ‡πÉ‡∏ï‡πâ‡∏°‡∏≤‡∏ñ‡∏∂...', '‡∏ï‡πâ‡∏≠‡∏á‡∏ó‡∏≥‡πÅ‡∏ö‡∏ö‡∏ô‡∏µ‡πâ.!!‡∏™‡∏£‡∏∏‡∏õ‡∏û‡∏≠‡∏Å‡∏±‡∏ô‡∏ó‡∏±‡πâ‡∏á‡∏Ñ‡∏π‡πà‡πÑ‡∏õ‡πÜ‡∏°‡∏≤‡πÜ‡πÅ‡∏£‡∏á‡∏Å‡∏ß‡πà‡∏≤‡πÅ‡∏ö‡∏°‡πÜ‡∏≠‡∏µ‡∏Å ‡πÄ‡∏°‡∏∑‡πà‡∏≠‡πÄ‡∏û‡∏∑‡πà‡∏≠‡∏ô‡∏ã‡∏µ...', '‡πÄ‡∏°‡∏∑‡πà‡∏≠‡∏à‡∏µ‡∏°‡∏¥‡∏ô‡∏≠‡∏¢‡∏≤‡∏Å‡∏™‡∏ô‡∏ó‡∏ô‡∏≤‡∏Å‡∏±‡∏ö‡∏ô‡πâ‡∏≠‡∏á‡∏™‡∏£‡∏î‡πâ‡∏ß‡∏¢‡∏†‡∏≤‡∏©‡∏≤‡πÑ‡∏ó‡∏¢ ‡πÄ‡∏•‡∏¢‡πÇ‡∏ä‡∏ß‡πå‡∏ó‡∏±‡∏Å‡∏©‡∏∞‡∏†‡∏≤‡∏©‡∏≤‡πÑ‡∏ó‡∏¢‡∏ó‡∏µ‡πà...', '‡πÄ‡∏°‡∏∑‡πà‡∏≠‡∏ã‡πà‡∏≤‡∏£‡πà‡∏≤‡πÄ‡∏£‡∏µ‡∏¢‡∏Å‡∏û‡∏¥‡∏ò‡∏µ‡∏Å‡∏£‡∏•‡∏∏‡∏á‡πÇ‡∏î‡∏ß‡πà‡∏≤""‡πÇ‡∏≠‡∏õ‡∏õ‡πâ‡∏≤""  ‚ÄºÔ∏è ‡∏≠‡∏¢‡∏π‡πà‡πÄ‡∏Å‡∏≤‡∏´‡∏•‡∏µ‡πÑ‡∏°‡πà‡∏™‡∏ô‡∏¥‡∏î‡∏≠‡∏¢‡πà‡∏≤‡πÑ...', '‡∏ô‡πâ‡∏≠‡∏¢‡∏´‡∏£‡∏≠.?‡∏ï‡∏±‡πâ‡∏á5‡∏Ñ‡∏ô‡∏•‡πâ‡∏≠‡∏°‡∏´‡∏ô‡πâ‡∏≤‡∏•‡πâ‡∏≠‡∏°‡∏´‡∏•‡∏±‡∏á‡πÄ‡∏•‡∏¢‡∏ô‡πä‡∏∞!!55+ü§£ ‡∏•‡∏•‡∏¥‡∏©‡∏≤‡∏ñ‡∏∂‡∏á‡∏™‡∏ô‡∏≤‡∏°‡∏ö‡∏¥‡∏ô‡∏≠‡∏¥‡∏ô‡∏ä‡∏≠‡∏ô‡πÅ‡∏•...', 'BLACKPINK‡∏õ‡∏≤‡∏£‡πå‡∏Ñ‡πÅ‡∏ä‡∏¢‡∏≠‡∏á‡∏®‡∏¥‡∏•‡∏õ‡∏¥‡∏ô‡πÄ‡∏Å‡∏≤‡∏´‡∏•‡∏µ   ‡∏ù‡∏∂‡∏Å‡∏£‡πâ‡∏≠‡∏á‡πÄ‡∏û‡∏•‡∏á‡πÑ‡∏ó‡∏¢‡∏´‡∏ô‡∏±‡∏Å‡∏°‡∏≤‡∏Å‡∏ï‡∏±‡πâ‡∏á‡πÅ‡∏ï‡πà‡πÄ‡∏õ‡πá...', '‡∏¢‡πâ‡∏≠‡∏ô‡∏´‡∏•‡∏±‡∏á‡∏ß‡∏±‡∏ô‡πÄ‡∏Å‡∏¥‡∏î‡∏ô‡πâ‡∏≠‡∏á‡∏°‡∏¥‡∏ô‡∏ô‡∏µ‡πà‡∏®‡∏¥‡∏•‡∏õ‡∏¥‡∏ô‡πÄ‡∏Å‡∏≤‡∏´‡∏•‡∏µ‡πÉ‡∏ï‡πâ‡∏™‡∏≤‡∏¢‡πÄ‡∏•‡∏∑‡∏≠‡∏î   ‡πÑ‡∏ó‡∏¢‡∏ß‡∏á(G)I-DLE‡πÄ‡∏°‡∏∑‡πà...', '‡πÇ‡∏î‡∏¢‡πÄ‡∏â‡∏û‡∏≤‡∏∞‡πÄ‡∏û‡∏•‡∏á ""if you do"" ‡πÄ‡∏ï‡πâ‡∏ô‡πÅ‡∏Ç‡πá‡∏á‡πÅ‡∏£‡∏á‡∏°‡∏≤‡∏Åü§£   ‡πÄ‡∏°‡∏∑‡πà‡∏≠‡πÄ‡∏´‡∏•‡πà‡∏≤‡∏ö‡∏£‡∏£‡∏î‡∏≤‡∏ó‡πÑ‡∏ß‡∏ã‡πå‡∏£‡∏±‡πà‡∏ß‡∏•‡πâ‡∏≠‡πÄ...', 'Bad Blood - ‡∏ß‡∏µ ‡∏ß‡∏¥‡πÇ‡∏≠‡πÄ‡∏•‡∏ï ft. BamBam GOT7 @ _STAR THEQUE_ GTH 11 ‡∏õ‡∏µ‡πÅ‡∏™‡∏á‡∏Ñ‡∏≠‡∏ô‡πÄ‡∏™‡∏¥‡∏£‡πå‡∏ï   Credit : GMM 25 CONCERT.', '‡∏ß‡∏±‡∏ô‡∏ô‡∏µ‡πâ‡∏™‡∏≤‡∏ß‡πÜ‡∏ß‡∏á‡πÅ‡∏ö‡∏•‡πá‡∏Ñ‡∏û‡∏¥‡πâ‡∏á‡∏Ñ‡πå‡πÑ‡∏î‡πâ‡∏ó‡∏µ‡πà1‡∏≠‡∏µ‡∏Å‡πÅ‡∏•‡πâ‡∏ß‡∏à‡∏≤‡∏Å‡πÄ‡∏ß‡∏ó‡∏µ   ""Show Music Core"" ‡∏û‡∏π‡∏î‡∏†‡∏≤‡∏©‡∏≤‡πÑ‡∏ó‡∏¢...', '‡∏≠‡πä‡∏≤‡∏¢‡∏¢...!!‡∏£‡∏±‡∏ö‡∏°‡πä‡∏≤‡∏¢‡∏î‡πâ‡∏≤‡∏¢‡∏¢‡∏°‡∏±‡∏ô‡∏à‡∏∞‡πÄ‡∏ã‡πá‡∏Å‡∏ã‡∏µ‡πà‡πÄ‡∏Å‡∏¥‡∏ô‡πÑ‡∏õ‡πÅ‡∏•‡πâ‡∏ß  ü§î ‡πÄ‡∏°‡∏∑‡πà‡∏≠‡πÅ‡∏ö‡∏°‡πÅ‡∏ö‡∏°‡∏Ç‡∏≠‡πÉ‡∏´‡πâ...', '‡∏Å‡∏≤‡∏£‡∏Å‡∏≠‡∏î‡∏ó‡∏±‡∏Å‡∏ó‡∏≤‡∏¢‡∏Å‡∏±‡∏ô‡∏Ç‡∏≠‡∏á‡∏ä‡∏≤‡∏ß‡∏≠‡πÄ‡∏°‡∏£‡∏¥‡∏Å‡∏±‡∏ô‡πÄ‡∏õ‡πá‡∏ô‡πÄ‡∏£‡∏∑‡πà‡∏≠‡∏á  ‚úì   ‚ù§Ô∏è        ‡∏õ‡∏£‡∏Å‡∏ï‡∏¥‡∏ô‡∏∞‡∏Ñ‡∏∞‡πÅ‡∏•‡∏∞‡∏ó...', '‡πÄ‡∏°‡∏∑‡πà‡∏≠‡πÄ‡∏î‡πá‡∏Å‡∏™‡∏≤‡∏ß‡∏ä‡∏≤‡∏ß‡∏°‡∏≤‡πÄ‡∏•‡∏¢‡πå‡πÄ‡∏ã‡∏µ‡∏¢‡πÅ‡∏•‡∏∞‡∏Ñ‡∏£‡∏≠‡∏ö‡∏Ñ‡∏£‡∏±‡∏ß   ‡∏Å‡∏¥‡∏ô‡∏Ç‡πâ‡∏≤‡∏ß‡∏≠‡∏¢‡∏π‡πà‡∏£‡πâ‡∏≤‡∏ô‡∏≠‡∏≤...', '‡πÅ‡∏ö‡∏°‡πÜ‡πÉ‡∏´‡πâ‡∏™‡∏±‡∏°‡∏†‡∏≤‡∏©‡∏ó‡πå‡∏Å‡∏£‡∏ì‡∏µ‡∏•‡∏¥‡∏ã‡πà‡∏≤‡∏ñ‡∏π‡∏Å‡∏™‡∏≤‡∏ß‡πÄ‡∏Å‡∏≤‡∏´‡∏•‡∏µ ‡∏ö‡∏≤‡∏á‡∏Ñ‡∏ô‡πÄ‡∏´‡∏¢‡∏µ‡∏¢‡∏î‡πÄ‡∏ä‡∏∑‡πâ‡∏≠‡∏ä‡∏≤‡∏ï‡∏¥‡πÅ‡∏•‡∏∞‡∏ô‡∏µ‡πà‡∏Ñ‡∏∑...']","['‡πÇ‡∏ã‡πÄ‡∏ä‡∏µ‡πà‡∏¢‡∏•‡∏£‡∏∞‡∏≠‡∏∏‡πÇ‡∏°‡πÇ‡∏°‡πà‡πÅ‡∏•‡∏ô‡∏î‡πå‡∏¢‡∏∑‡∏ô‡πÄ‡∏ï‡πâ‡∏ô‡∏Ç‡πâ‡∏≤‡∏°‡∏´‡∏±‡∏ß.!?', 'üò±‡∏Ñ‡∏£‡∏π‡∏ù‡∏∂‡∏Å‡∏ó‡∏´‡∏≤‡∏£‡∏õ‡∏∞‡∏ó‡∏∞‡∏•‡∏¥‡∏ã‡πà‡∏≤BLACKPINKüåº.!?', '‡∏û‡∏µ‡πà‡∏Å‡∏≤‡∏£‡πå‡∏î‡∏û‡∏•‡∏≤‡∏î‡∏ï‡∏£‡∏ß‡∏à‡∏Ç‡∏≠‡∏á‡∏•‡∏¥‡∏ã‡πà‡∏≤‡πÄ‡∏•‡∏¢‡πÄ‡∏õ‡πá‡∏ô‡πÅ‡∏ö‡∏ö‡∏ô‡∏µ‡πâ.!?', 'BLACKPINK‡∏≠‡∏µ‡∏Å‡πÅ‡∏•‡πâ‡∏ß‡πÄ‡∏à‡∏ô‡∏ô‡∏µ‡πà‡πÄ‡∏ï‡πâ‡∏ô‡∏ú‡∏¥‡∏î‡∏ô‡∏≠‡∏Å‡∏ö‡∏ó.!?', '&quot;Ï†úÎãà-‡πÄ‡∏à‡∏ô‡∏ô‡∏µ‡πà‡πÄ‡∏î‡∏∑‡∏≠‡∏î&quot;‡∏ß‡∏µ‡∏ô‡πÉ‡∏™‡πà‡∏û‡∏µ‡πà‡∏Å‡∏≤‡∏£‡πå‡∏î‡πÇ‡∏≠‡∏õ‡∏õ‡πâ‡∏≤.!?üòé', '‡∏û‡∏µ‡πà‡∏Å‡∏≤‡∏£‡πå‡∏î‡πÇ‡∏≠‡∏õ‡∏õ‡πâ‡∏≤‡πÄ‡∏î‡πã‡∏ß‡πÄ‡∏õ‡πá‡∏ô‡πÑ‡∏£‡πÄ‡∏Æ‡πä‡∏¢‡∏ï‡∏±‡πâ‡∏á‡∏™‡∏ï‡∏¥„Öã„Öã„Öã.!!', '‡πÄ‡∏à‡∏ô‡∏ô‡∏µ‡πà‡∏ô‡πà‡∏≤‡∏™‡∏á‡∏™‡∏±‡∏¢‡∏ï‡∏±‡πâ‡∏á‡πÉ‡∏à‡∏Å‡∏£‡∏∞‡πÇ‡∏î‡∏î‡πÄ‡∏ï‡∏∞‡∏´‡∏ô‡πâ‡∏≤‡∏à‡∏µ‡∏ã‡∏π.!?', '‡∏õ‡∏£‡∏∞‡πÄ‡∏î‡πá‡∏ô‡∏™‡∏á‡∏™‡∏±‡∏¢‡∏à‡∏µ‡∏ã‡∏π‡∏ï‡∏±‡πâ‡∏á‡πÉ‡∏à‡πÄ‡∏ï‡∏∞‡∏ö‡∏≠‡∏•‡∏≠‡∏±‡∏î‡πÉ‡∏™‡πà‡πÄ‡∏à‡∏ô‡∏ô‡∏µ‡πà.!?', '‡∏û‡∏¥‡∏ò‡∏µ‡∏Å‡∏£‡πÄ‡∏Å‡∏≤‡∏´‡∏•‡∏µ‡∏ï‡∏≥‡∏´‡∏ô‡∏¥‡πà‡∏•‡∏¥‡∏ã‡πà‡∏≤‡πÄ‡∏£‡∏∑‡πà‡∏≠‡∏á‡∏†‡∏≤‡∏©‡∏≤‡πÑ‡∏ó‡∏¢..!?üáπüá≠', 'üò±&quot;GOT7‡πÅ‡∏£‡∏á‡πÑ‡∏õ‡∏ô‡∏∞&quot;‡∏•‡πâ‡∏≠‡πÄ‡∏•‡∏µ‡∏¢‡∏ôBLACKPINK.!?', '‡∏ô‡∏≤‡∏¢‡πá‡∏≠‡∏ô‡∏ó‡πÑ‡∏ß‡∏ã‡πå‡∏°‡∏≠‡∏á‡πÅ‡∏£‡∏á‡∏à‡∏µ‡∏ã‡∏π‡πÅ‡∏ö‡∏•‡πá‡∏Ñ‡∏û‡∏¥‡πâ‡∏á‡∏°‡∏µ‡πÑ‡∏£‡∏Å‡∏±‡∏ô.!?', '‡πÄ‡∏õ‡πá‡∏ô‡πÄ‡∏£‡∏∑‡πà‡∏≠‡∏á‡πÅ‡∏ö‡∏•‡πá‡∏Ñ‡∏û‡∏¥‡πâ‡∏á‡∏Ñ‡πå‡πÇ‡∏î‡∏ô‡πÅ‡∏ü‡∏ô‡∏Ñ‡∏•‡∏±‡∏ö‡∏™‡∏≤‡∏î‡∏ô‡πâ‡∏≥‡πÉ‡∏™‡πà.!?', 'üíî‡∏≠‡∏≤‡∏Å‡∏≤‡πÄ‡∏ã‡πà‡∏™‡∏á‡∏™‡∏±‡∏¢‡πÅ‡∏à‡πá‡∏Ñ‡∏™‡∏±‡∏ô‡∏ô‡πâ‡∏≠‡∏¢‡πÉ‡∏à‡πÄ‡∏°‡∏°‡πÄ‡∏ö‡∏≠‡∏£‡πå.!?', '&quot;‡∏Æ‡∏≤‡∏≠‡∏∂‡∏ô&quot;‡∏ä‡∏≠‡∏ö‡∏®‡∏¥‡∏•‡∏õ‡∏¥‡∏ôK-POP‡∏ß‡∏á‡πÑ‡∏´‡∏ô‡∏°‡∏≤‡∏Å‡∏ó‡∏µ‡πà‡∏™‡∏∏‡∏î.?', 'ü§î‡∏≠‡∏∞‡πÑ‡∏£..‡∏¢‡∏±‡∏á‡πÑ‡∏á..‡πÉ‡∏ä‡πà‡∏´‡∏£‡∏∑‡∏≠‡∏õ‡πà‡∏≤‡∏ß.!?üïµ', '‡πÄ‡∏≠‡∏≤‡∏≠‡∏µ‡∏Å‡πÅ‡∏•‡πâ‡∏ß‡πÄ‡∏¢‡∏£‡∏¥!!Red Velvet‡∏•‡πâ‡∏≠‡πÄ‡∏•‡∏µ‡∏¢‡∏ô‡∏•‡∏¥‡∏ã‡πà‡∏≤.!?', '‡πÅ‡∏ü‡∏ô‡∏ç‡∏µ‡πà‡∏õ‡∏∏‡πà‡∏ô‡∏ó‡∏≥‡πÅ‡∏ö‡∏ö‡∏ô‡∏µ‡πâ‡πÇ‡∏´‡πà‡∏à‡∏ô‡∏•‡∏¥‡∏ã‡πà‡∏≤‡∏ô‡πâ‡∏≥‡∏ï‡∏≤‡∏Ñ‡∏•‡∏≠.!?', '‡∏î‡∏£‡∏≤‡∏°‡πà‡∏≤‡πÑ‡∏°‡πà‡πÄ‡∏õ‡∏¥‡∏î‡πÄ‡∏û‡∏•‡∏á‡πÅ‡∏ö‡∏•‡πá‡∏Ñ‡∏û‡∏¥‡πâ‡∏á‡∏Ñ‡πå‡πÉ‡∏ô‡∏á‡∏≤‡∏ô.!?', '‡∏ô‡∏µ‡πà‡∏´‡∏£‡∏≠‡∏ç‡∏µ‡πà‡∏õ‡∏∏‡πà‡∏ô‡πÑ‡∏£‡πâ‡∏°‡∏≤‡∏£‡∏¢‡∏≤‡∏ó‡∏à‡∏π‡πà‡πÇ‡∏à‡∏°‡∏•‡∏¥‡∏ã‡πà‡∏≤‡∏™‡∏ô‡∏≤‡∏°‡∏ö‡∏¥‡∏ô.!?', '‡∏¢‡∏π‡∏Ñ‡∏¢‡∏≠‡∏°‡∏û‡∏π‡∏î‡πÅ‡∏•‡πâ‡∏ß‡πÅ‡∏ö‡∏°‡πÜ‡∏•‡πâ‡∏≠‡πÄ‡∏•‡∏µ‡∏¢‡∏ô‡∏•‡∏¥‡∏ã‡πà‡∏≤‡∏ó‡∏≥‡πÑ‡∏°‡πà‡∏ñ‡∏π‡∏Å.!?', '‡πÅ‡∏ö‡∏°‡πÜ‡∏â‡∏±‡∏ô‡πÄ‡∏Å‡∏•‡∏µ‡∏¢‡∏î‡πÅ‡∏Å‡∏à‡∏µ‡∏°‡∏¥‡∏ô‡∏ã‡∏±‡∏î‡∏Å‡∏•‡∏≤‡∏á‡∏£‡∏≤‡∏¢‡∏Å‡∏≤‡∏£.!!', 'üò±‡πÄ‡∏°‡∏∑‡πà‡∏≠‡∏ú‡∏π‡πâ‡∏´‡∏ç‡∏¥‡∏á‡πÑ‡∏ó‡∏¢‡πÄ‡∏£‡∏µ‡∏¢‡∏Å‡∏•‡∏∏‡∏á‡πÇ‡∏î‡∏ô‡∏µ‡πà‡∏û‡∏¥‡∏ò‡∏µ‡∏Å‡∏£‡πÅ‡∏ö‡∏ö‡∏ô‡∏µ‡πâ.!?', '‡∏Ñ‡πà‡∏≤‡∏¢‡πÑ‡∏°‡πà‡∏î‡∏π‡πÅ‡∏•‡∏•‡∏¥‡∏ã‡πà‡∏≤‡πÄ‡∏î‡∏¥‡∏ô‡∏ó‡∏≤‡∏á‡∏Ñ‡∏ô‡πÄ‡∏î‡∏µ‡∏¢‡∏ß‡∏Å‡∏≤‡∏£‡πå‡∏î‡∏ô‡πâ‡∏≠‡∏¢.!?', 'üé§‡∏£‡πâ‡∏≠‡∏á‡πÄ‡∏û‡∏•‡∏á‡πÑ‡∏ó‡∏¢‡∏Å‡πá‡πÑ‡∏î‡πâ‡∏´‡∏£‡∏≠‡∏õ‡∏≤‡∏£‡πå‡∏Ñ‡πÅ‡∏ä‡∏¢‡∏≠‡∏áüòç.!?', 'üòé(G)I-DLEÎØºÎãà‡∏°‡∏¥‡∏ô‡∏ô‡∏µ‡πà‡∏û‡∏π‡∏î‡∏ä‡∏±‡∏î‡∏´‡∏ô‡∏π‡πÇ‡∏ï‡πÅ‡∏•‡πâ‡∏ß‡∏ô‡∏∞.!?', 'üò±Twice‡πÅ‡∏£‡∏á‡πÑ‡∏õ‡πÑ‡∏´‡∏°‡∏•‡πâ‡∏≠‡πÄ‡∏•‡∏µ‡∏¢‡∏ô‡∏®‡∏¥‡∏•‡∏õ‡∏¥‡∏ôGOT7.!?', 'üí•[GOT7BamBam] ‡∏õ‡∏∞‡∏ó‡∏∞vs!! ‡∏ß‡∏µ ‡∏ß‡∏¥‡πÇ‡∏≠‡πÄ‡∏•‡∏ï.!?', 'üáπüá≠‡∏•‡∏¥‡∏©‡∏≤‡∏û‡∏π‡∏î‡∏†‡∏≤‡∏©‡∏≤‡πÑ‡∏ó‡∏¢Show Music Core!üéâ', '‡∏¢‡∏π‡∏Ñ‡∏¢‡∏≠‡∏°‡∏ó‡∏≥‡∏ö‡∏≤‡∏á‡∏≠‡∏¢‡πà‡∏≤‡∏á‡∏≠‡∏≤‡∏Å‡∏≤‡πÄ‡∏ã‡πà‡πÑ‡∏ó‡∏¢‡∏£‡∏±‡∏ö‡πÑ‡∏°‡πà‡πÑ‡∏î‡πâ.!?', '‡∏û‡∏¥‡∏ò‡∏µ‡∏Å‡∏£‡πÅ‡∏£‡∏á‡πÑ‡∏õ‡∏õ‡πä‡∏∞‡∏Å‡∏≠‡∏î‡∏•‡∏¥‡∏ã‡πà‡∏≤‡πÅ‡∏ö‡∏ö‡∏ô‡∏±‡πâ‡∏ô‡πÄ‡∏•‡∏¢‡∏´‡∏£‡∏≠.!?', '‡πÄ‡∏≠‡πâ‡∏≤‡∏á‡∏á‡πÄ‡∏î‡πá‡∏Å‡∏°‡∏≤‡πÄ‡∏•‡∏¢‡πå‡∏Å‡∏¥‡∏ô‡∏Ç‡πâ‡∏≤‡∏ß‡∏≠‡∏¢‡∏π‡πà‡∏î‡∏µ‡πÜ‡πÄ‡∏à‡∏≠‡∏•‡∏¥‡∏ã‡πà‡∏≤.!?', 'üòÆGot7‡∏ô‡∏µ‡πà‡∏Ñ‡∏∑‡∏≠‡πÅ‡∏ö‡∏°‡πÜ‡∏ó‡∏±‡∏®‡∏ô‡∏Ñ‡∏ï‡∏¥‡∏ß‡∏¥‡∏ò‡∏µ‡∏Ñ‡∏¥‡∏î‡∏Ç‡∏≠‡∏á‡πÄ‡∏Ç‡∏≤.!?']",81716834
5,0,TH,"‡∏ö. ‡πÇ‡∏ã‡∏•‡∏¥‡∏î‡∏Ø ‡∏ú‡∏•‡∏¥‡∏ï‡∏£‡∏≤‡∏¢‡∏Å‡∏≤‡∏£‡∏ö‡∏±‡∏ô‡πÄ‡∏ó‡∏¥‡∏á‡∏ï‡πà‡∏≤‡∏á‡πÜ ‡∏°‡∏≤‡∏Å‡∏°‡∏≤‡∏¢ ‡∏≠‡∏≤‡∏ó‡∏¥ ‡∏£‡∏≤‡∏¢‡∏Å‡∏≤‡∏£‡∏Ñ‡∏•‡∏±‡∏ö‡∏°‡∏±‡∏ô‡∏ï‡∏£‡∏≤ ‡∏£‡∏≤‡∏¢‡∏Å‡∏≤‡∏£‡∏Ñ‡∏£‡∏±‡∏ß‡∏≠‡∏¥‡∏ô‡∏î‡∏µ‡πâ  ‡∏£‡∏≤‡∏¢‡∏Å‡∏≤‡∏£ Awesome Mom ‡πÅ‡∏•‡∏∞‡∏£‡∏≤‡∏¢‡∏Å‡∏≤‡∏£‡∏≠‡∏∑‡πà‡∏ô‡πÜ ‡∏≠‡∏µ‡∏Å‡∏°‡∏≤‡∏Å‡∏°‡∏≤‡∏¢
‡∏ï‡∏¥‡∏î‡∏ï‡πà‡∏≠‡πÄ‡∏£‡∏≤‡∏ó‡∏µ‡πà 
http://www.solidentertainment.co.th/index.php
23 ‡∏ã.‡πÄ‡∏≠‡∏Å‡∏°‡∏±‡∏¢2 ‡∏ñ.‡∏™‡∏∏‡∏Ç‡∏∏‡∏°‡∏ß‡∏¥‡∏ó 63 ‡πÅ‡∏Ç‡∏ß‡∏á‡∏û‡∏£‡∏∞‡πÇ‡∏Ç‡∏ô‡∏á‡πÄ‡∏´‡∏ô‡∏∑‡∏≠ ‡πÄ‡∏Ç‡∏ï‡∏ß‡∏±‡∏í‡∏ô‡∏≤ ‡∏Å‡∏£‡∏∏‡∏á‡πÄ‡∏ó‡∏û‡∏Ø 10110
‡πÄ‡∏ö‡∏≠‡∏£‡πå‡πÇ‡∏ó‡∏£ (+66)2-714-3505-6
‡πÅ‡∏ü‡∏Å‡∏ã‡πå (+66)2-391-2353
‡∏≠‡∏µ‡πÄ‡∏°‡∏•‡πå info@solidentertainment.co.th",False,6040,SolidChannel,389,['‡∏£‡∏≤‡∏¢‡∏Å‡∏≤‡∏£‡∏Ñ‡∏£‡∏±‡∏ß‡∏≠‡∏¥‡∏ô‡∏î‡∏µ‡πâ ‡∏≠‡∏≠‡∏Å‡∏≠‡∏≤‡∏Å‡∏≤‡∏®‡∏ó‡∏∏‡∏Å‡∏ß‡∏±‡∏ô‡∏≠‡∏≤‡∏ó‡∏¥‡∏ï‡∏¢‡πå 12:00 - 12:35 ‡∏ô. ‡∏ó‡∏≤‡∏á‡∏ä‡πà‡∏≠‡∏á 5 ----------------------------------------...'],['‡∏Ñ‡∏£‡∏±‡∏ß‡∏≠‡∏¥‡∏ô‡∏î‡∏µ‡πâ_4/10/58 ‡πÅ‡∏ö‡∏°‡πÅ‡∏ö‡∏°GOT7'],2381306
6,0,Unkown,"Í±∞Í∏∞ ÎãπÏã†! ÎÖ∏Îûò Îì£Í≥†Í∞Ä!üëª

Í∞ÄÏù¥Îìú&ÎπÑÏ¶àÎãàÏä§ Î¨∏Ïùò / business mailüíå
listensomin@sandbox.co.kr",False,384000,Îì£Í≥†Í∞ÄÏÜåÎØºListenSomin,66,['ÎÇ† Î∞îÎùºÎ≥¥Îäî ÎãàÍ∞Ä ÏûàÍ∏∞Ïóê...   Because i have you who is looking at me...   Instagram -https://www.instagram.com/listen_somin/ Contact ...'],['GOT7 (Í∞ìÏÑ∏Î∏ê) ‚ú®Miracle‚ú® COVER by ÏÜåÎØºSomin'],18138577
7,0,Unkown,,False,13100,Euphoria B_THailand,91,[''],['‡∏ß‡∏¥‡∏ô‡∏≤‡∏ó‡∏µ‡∏™‡∏∏‡∏î‡∏£‡∏∞‡∏ó‡∏∂‡∏Å&quot;‡∏¢‡∏π‡∏Ñ‡∏¢‡∏≠‡∏°GOT7‡πÄ‡∏õ‡πá‡∏ô‡∏•‡∏°&quot;‡∏•‡πâ‡∏°‡∏•‡∏á‡∏Å‡∏±‡∏ö‡∏û‡∏∑‡πâ‡∏ô‡∏ï‡∏≠‡∏ô‡∏à‡∏ö‡πÄ‡∏û‡∏•‡∏áüò±üò®'],1938645
8,0,TH,,False,98500,KARNMAY,79,"['‡πÑ‡∏´‡∏ô‡∏≠‡∏≤‡∏Å‡∏≤‡πÄ‡∏ã‡πà‡∏Ñ‡∏ô‡πÑ‡∏´‡∏ô‡∏Å‡∏î‡∏ö‡∏±‡∏ï‡∏£‡∏ó‡∏±‡∏ô ‡∏£‡∏≤‡∏¢‡∏á‡∏≤‡∏ô‡∏ï‡∏±‡∏ß‡∏´‡∏ô‡πà‡∏≠‡∏¢‡∏¢‡∏¢!!! ‡∏≠‡∏¢‡∏≤‡∏Å‡πÄ‡∏´‡πá‡∏ô‡∏Ñ‡∏ô‡∏°‡∏µ‡πÅ‡∏ï‡πâ‡∏°‡∏ö‡∏∏‡∏ç‡∏™‡∏π‡∏á...', 'facebook: https://www.facebook.com/karnmayouting - Instagram: ‡∏Å‡πâ‡∏≤‡∏ô - https://www.instagram.com/karn.korn ‡πÄ‡∏°‡∏¢‡πå - https://www.instagram.com/smoysmay ...']","['‡∏à‡∏≠‡∏á‡∏ö‡∏±‡∏ï‡∏£‡∏Ñ‡∏≠‡∏ô‡πÄ‡∏™‡∏¥‡∏£‡πå‡∏ï GOT7 #‡∏ï‡∏≤‡∏°‡∏ï‡∏¥‡∏î‡∏ä‡∏µ‡∏ß‡∏¥‡∏ï‡∏ï‡∏¥‡πà‡∏á ep.2 / ùêäùêÄùêëùêçùêåùêÄùêò', '‡∏ï‡∏≤‡∏°‡∏ï‡∏¥‡∏î‡∏ä‡∏µ‡∏ß‡∏¥‡∏ï‡∏ï‡∏¥‡πà‡∏á‡πÄ‡∏Å‡∏≤‡∏´‡∏•‡∏µ ep.1 üë®üèª#SS7inBKK / ‡∏•‡∏≤‡∏Å‡πÅ‡∏ü‡∏ô‡πÉ‡∏´‡πâ‡∏û‡∏≤‡πÑ‡∏õ‡∏Ñ‡∏≠‡∏ô‡πÄ‡∏™‡∏¥‡∏£‡πå‡∏ïüéÜ  / ùêäùêÄùêëùêçùêåùêÄùêò']",3696823
9,0,US,"We are ""Asia Top List"" and we aim to bring you the most informative, fascinating and engaging top 10 videos on YouTube. Don't be a stranger, drop us a line in the comments and let us know which videos you'd like us to make next or if we missed out any amazing facts. We really do enjoying reading everything you have to say. 

All images on my channel are our original content that we here at ""Asia Top List"" create, or has been submitted by email or is readily available in various places on the Internet and believed to be in public domain. Images posted are believed to be posted within our rights according to the U.S. Copyright Fair Use Act (title 17, U.S. Code.) ""Asia Top List"" respects the intellectual property rights of others and expects its users to do the same.
---------------‚òÖ‚òÖ‚òÖ‚òÖ‚òÖ----------------
‚ô• Facebook: https://www.facebook.com/asiatoplist
‚ô• Twitter: https://twitter.com/asiatoplist
---------------‚òÖ‚òÖ‚òÖ‚òÖ‚òÖ----------------

Asia Top List  ‚ñ∫ https://goo.gl/Ul8a31",True,0,Asia Top List,250,"['Check out 8 Times Female Idols Were Caught Ogling GOT7 Members. Subscribe to our channel ‚ñª https://goo.gl/Ul8a31 ...', 'Check out How Each EXO Member Was Discovered, And Signed To SM. Subscribe to our channel ‚ñª https://goo.gl/Ul8a31 ...', ""Check out 10 Things K-Pop Idols' Customized In-Ear Monitors. Subscribe to our channel ‚ñª https://goo.gl/Ul8a31 ------------------------------- Maybe you ..."", 'Check out 10 Times Male Idols Were Caught Falling In Love With TWICE Members. Subscribe to our channel ‚ñª https://goo.gl/Ul8a31 ...', 'Check out 8 Female K-Pop Idols That Look Different Without Makeup. Subscribe to our channel ‚ñª https://goo.gl/Ul8a31 ...', 'Check out 9 Male Idols With Extremely Clean Bare Armpits. Subscribe to our channel ‚ñª https://goo.gl/Ul8a31 ------------------------------- Maybe you like: ...', 'Check out How Each Member of GOT7 Looks Without Makeup. Subscribe to our channel ‚ñª https://goo.gl/Ul8a31 ------------------------------- Maybe you ...', 'Check out The Most Beautiful Male Kpop Idols With Pink Hair. Subscribe to our channel ‚ñª https://goo.gl/Ul8a31 ------------------------------- Maybe you ...', 'Check out How Each BTS Member Was Discovered, And Signed To BigHit. Subscribe to our channel ‚ñª https://goo.gl/Ul8a31 ...', ""Check out 14 Of K-Pop's Manliest Men Who Will Make You Thirst AF. Subscribe to our channel ‚ñª https://goo.gl/Ul8a31 ------------------------------- Maybe ..."", ""Check out 12 Male Idols Are Proof That The '97 Line Contains Some Of K-Pop's Most Beautiful Men. Subscribe to our channel ‚ñª https://goo.gl/Ul8a31 ..."", 'Check out 6 Idols Who Use Two Different Names. Subscribe to our channel ‚ñª https://goo.gl/Ul8a31 ------------------------------- Maybe you like: Top 7 ...', 'Check out 5 K-Pop Idol-Actors Who Received Their Own Movie Theaters From Fans. Subscribe to our channel ‚ñª https://goo.gl/Ul8a31 ...', 'Check out How Each Member of EXO Looks Without Makeup. Subscribe to our channel ‚ñª https://goo.gl/Ul8a31 ------------------------------- Maybe you ...', ""Check out 17 Idols Who Look Exactly Like Their Spirit Animals, According To Fans. ------------------------------- Maybe you like: 14 Of K-Pop's Manliest ..."", 'ARMY will never love RM as much as Jungkook does. Subscribe to our channel #asiatoplist ‚ñª https://goo.gl/Ul8a31 ------------------------------- Maybe ...', 'Check out 20 Photos That Were Snapped Of Idols At The Exact WRONG Moment. Subscribe to our channel ‚ñª https://goo.gl/Ul8a31 ...', 'Check out 10 Most Followed Idols On Vapp. Subscribe to our channel ‚ñª https://goo.gl/Ul8a31 ------------------------------- [List]: 1. BIGBANG 2. BTS 3.', ""Here are Korea's most popular girl group members. Subscribe to our channel #asiatoplist ‚ñª https://goo.gl/Ul8a31 ------------------------------- Maybe you ..."", '25 Photos Prove GOT7 Always Look Fantastic Especially Skin. Subscribe to our channel #asiatoplist ‚ñª https://goo.gl/Ul8a31 ...']","['8 Times Female Idols Were Caught Ogling GOT7 Members', 'How Each EXO Member Was Discovered, And Signed To SM', '10 Things K Pop Idols‚Äô Customized In Ear Monitors', '10 Times Male Idols Were Caught Falling In Love With TWICE Members', '8 Female K-Pop Idols That Look Different Without Makeup', '9 Male Idols With Extremely Clean Bare Armpits', 'How Each Member of GOT7 Looks Without Makeup', 'The Most Beautiful Male Kpop Idols With Pink Hair', 'How Each BTS Member Was Discovered, And Signed To BigHit', '14 Of K-Pop‚Äôs Manliest Men Who Will Make You Thirst AF', '12 Male Idols Are Proof That The ‚Äô97 Line Contains Some Of K-Pop‚Äôs Most Beautiful Men', '6 Idols Who Use Two Different Names', '5 K-Pop Idol-Actors Who Received Their Own Movie Theaters From Fans', 'How Each Member of EXO Looks Without Makeup', '17 Idols Who Look Exactly Like Their Spirit Animals, According To Fans', 'ARMY will never love RM as much as Jungkook does', '20 Photos That Were Snapped Of Idols At The Exact WRONG Moment', 'The 10 Most Followed Idols On Vapp', '25 Most Popular Girl Group Members In Korea Right Now', '25 Photos Prove GOT7 Always Look Fantastic Especially Skin']",1372069
